title,company,location,link
senior software developer,Dynpro Canada Inc,"Mississauga, ON",https://ca.indeed.com/viewjob?jk=d57ad46fef3a3b6c&q=Python
DevOps Engineer,Ambassador Labs,"Remote in Montréal, QC",https://ca.indeed.com/viewjob?jk=46169670e3b40a94&q=Python
People Analytics Specialist,GS1 Canada,Remote,https://ca.indeed.com/viewjob?jk=5459c6335713b46d&q=Python
Full Stack Engineer,Accenture,"Vancouver, BC+4 locations",https://ca.indeed.com/viewjob?jk=92c9391675614bbf&q=Python
"Software Developer - Platform Backend (Scala, PHP, Python)",SigFig,"Calgary, AB",https://ca.indeed.com/viewjob?jk=32454849649f3cd6&q=Python
Cloud Python Developer,Fivesky,"Montréal, QC",https://ca.indeed.com/viewjob?jk=5fa4d573699088f4&q=Python
"Software Engineer, Python",Pagefreezer,"Vancouver, BC",https://ca.indeed.com/viewjob?jk=c2f85720128f41ab&q=Python
Data Analyst -,Dawn InfoTek Inc.,"Toronto, ON",https://ca.indeed.com/viewjob?jk=fa7343fa2ecc9f9a&q=Python
Software Tester,ATS Automation Tooling Systems Inc.,"Cambridge, ON",https://ca.indeed.com/viewjob?jk=5cfa4f8f320f70bc&q=Python
"Business Analyst - I, Customer Trust & Partner Support","AMZN CAN Fulfillment Svcs, ULC","Vancouver, BC+1 location",https://ca.indeed.com/viewjob?jk=7b211bc55d041452&q=Python
Data Wizard,StylePixi,"Vancouver, BC",https://ca.indeed.com/viewjob?jk=19b3ffb4fa3359e8&q=Python
Junior IT Specialist,Fortinet,"Burnaby, BC",https://ca.indeed.com/viewjob?jk=54c3c0050e42d30d&q=Python
Power BI / Reporting Developer,Information Technology Solution Providers Inc,"Toronto, ON",https://ca.indeed.com/viewjob?jk=d44083412335d412&q=Python
Graduate Econometrician (Toronto),Media.Monks,"Toronto, ON",https://ca.indeed.com/viewjob?jk=0d849b2382d584cb&q=Python
Azure Developer - Cognitive Services (remote),Software International,"Remote in Mississauga, ON",https://ca.indeed.com/viewjob?jk=47f13d5da600a373&q=Python
Data Scientist,Yoppworks,"Remote in Ottawa, ON",https://ca.indeed.com/viewjob?jk=3d7e85261885af56&q=Python
Full Stack Developer,Accreon,"Remote in Fredericton, NB",https://ca.indeed.com/viewjob?jk=6110cbdb8c76e986&q=Python
Senior PLSQL,CGI Inc,"Halifax, NS",https://ca.indeed.com/viewjob?jk=2df621da35584547&q=Python
Data Analyst,Inkbox,"Toronto, ON",https://ca.indeed.com/viewjob?jk=56d4c247c447497d&q=Python
Python/Java Developer (Capital Markets),Dawn InfoTek Inc.,"Toronto, ON",https://ca.indeed.com/viewjob?jk=5fd896113abcee12&q=Python
Senior Business Analyst - Services Analytics,Angi,"Remote in Vancouver, BC+3 locations",https://ca.indeed.com/viewjob?jk=6c291753b0515eb3&q=Python
Software Release and Test Engineer (COOP),Ecoation,"Vancouver, BC",https://ca.indeed.com/viewjob?jk=d7caec955f818051&q=Python
Data Analyst,Ecoscape Environmental Consultants Ltd.,"Kelowna, BC",https://ca.indeed.com/viewjob?jk=f4ef6656470f5cb8&q=Python
Data Scientist,Technohires Consultancy Services LLC,"Toronto, ON",https://ca.indeed.com/viewjob?jk=1c66871de301802b&q=Python
Data and Reporting Analyst,Vermilion Energy,"Calgary, AB",https://ca.indeed.com/viewjob?jk=1cdd2f33e859e826&q=Python
Backend Engineer,Health Espresso,"Toronto, ON",https://ca.indeed.com/viewjob?jk=7d313a65bbfeca11&q=Python
Software Engineer – Production Technology (All Levels),Walt Disney Animation Studios,"Vancouver, BC",https://ca.indeed.com/viewjob?jk=1b666f89e2bd8c53&q=Python
Software Engineer,Think Big Solutions,"Toronto, ON",https://ca.indeed.com/viewjob?jk=dfa9dea4655417ab&q=Python
Python Developer & Data Engineer (Remote Full-time Permanent...,BDO,"Remote in Toronto, ON",https://ca.indeed.com/viewjob?jk=f60d680599326068&q=Python
Software Developer,TerraSense Analytics Ltd,"Kelowna, BC",https://ca.indeed.com/viewjob?jk=6a2a29f16f689d5a&q=Python
"Senior Analyst (RE-05), Risk & Data Analytics",Office of the Superintendent of Financial...,"Temporarily Remote in Vancouver, BC",https://ca.indeed.com/viewjob?jk=1c28a593e45dd3c1&q=Python
Pricing Analyst (Remote),Buckland,"Remote in Windsor, ON+1 location",https://ca.indeed.com/viewjob?jk=bea26a6cbd0f1dc3&q=Python
"Développeur logiciel, débutant, nouveau diplômé",Google,"Montréal, QC",https://ca.indeed.com/viewjob?jk=a2fc43acb45f1156&q=Python
Senior Backend Software Engineer,MinervaAI,Remote,https://ca.indeed.com/viewjob?jk=b9d32326d07f0782&q=Python
"Manager, Software Engineering",MasterCard,"Hybrid remote in Vancouver, BC",https://ca.indeed.com/viewjob?jk=ba8c4f6dac82cff1&q=Python
"Data Scientist, Spring 2022 Co-op",D2L,Remote,https://ca.indeed.com/viewjob?jk=fa615db6bad37b00&q=Python
Quality Assurance Engineer,Amazon Dev Centre Canada ULC,"Vancouver, BC+1 location",https://ca.indeed.com/viewjob?jk=f20de3d342a5483e&q=Python
Junior Product Engineer - Startup,Voyager Products Inc.,"Temporarily Remote in Toronto, ON",https://ca.indeed.com/viewjob?jk=1fe3a58f60652c24&q=Python
Business Analyst,Covers,"Remote in Halifax, NS",https://ca.indeed.com/viewjob?jk=b7c14412c0c98c28&q=Python
Software Developer,University of British Columbia,"Vancouver, BC",https://ca.indeed.com/viewjob?jk=7df42b2373ec1acd&q=Python
Développeur Python Back-End,Logient,"Hybrid remote in Quebec City, QC",https://ca.indeed.com/viewjob?jk=9523a687c8110a43&q=Python
"Python CI/CD, AWS Engineer",AstraNorth,"Temporarily Remote in Toronto, ON",https://ca.indeed.com/viewjob?jk=dc01d3d7932d0d50&q=Python
Data Analyst,Index Exchange,"Toronto, ON",https://ca.indeed.com/viewjob?jk=58b3da505c5dbbb6&q=Python
Junior DevOps Engineer,Hellbent Games,"Burnaby, BC",https://ca.indeed.com/viewjob?jk=eec07347fd8ec018&q=Python
"engineer, software",Terrasense Analytics,"Kelowna, BC",https://ca.indeed.com/viewjob?jk=15e4d85ac914da5f&q=Python
Business Analyst,Total Credit Recovery,"North York, ON",https://ca.indeed.com/viewjob?jk=370fc2208e4724f6&q=Python
software engineer,ACID (Canada) Design & Project Ltd.,"Vancouver, BC",https://ca.indeed.com/viewjob?jk=aeb2843f4ea55668&q=Python
"analyst, database",Dagaev Professional Corporation,"North York, ON",https://ca.indeed.com/viewjob?jk=4d776cc769cd20e8&q=Python
Testing & Documentation Engineer Python,High Tech Genesis,"Ottawa, ON",https://ca.indeed.com/viewjob?jk=5d5053dea45c9fb5&q=Python
Perl/Python Developer,AstraNorth,"Temporarily Remote in Toronto, ON+2 locations",https://ca.indeed.com/viewjob?jk=e0e4894726bb977f&q=Python
Python/Django Developer,PheedLoop Inc.,"Toronto, ON",https://ca.indeed.com/viewjob?jk=f0a69187e3b36653&q=Python
Software Developer,Airble Aviation Inc.,"Temporarily Remote in Richmond, BC",https://ca.indeed.com/viewjob?jk=fbc07a4bc5038178&q=Python
Junior Policy Analyst,CD Howe Institute,"Hybrid remote in Toronto, ON",https://ca.indeed.com/viewjob?jk=04be970315b8f4f2&q=Python
Senior Software Engineer,Bluvec Technologies Inc.,"Burnaby, BC",https://ca.indeed.com/viewjob?jk=479a969a25c6ec0b&q=Python
Senior Software Engineer,Uplight,"Remote in Vancouver, BC",https://ca.indeed.com/viewjob?jk=1732e8738e29e6c2&q=Python
2022 Summer - Software Development Intern,Workiva,"Temporarily Remote in Sault Ste. Marie, ON",https://ca.indeed.com/viewjob?jk=5ac26ddf5eed7106&q=Python
Python Developer,Spiria,"Hybrid remote in Calgary, AB",https://ca.indeed.com/viewjob?jk=9251e105d69bf68b&q=Python
Remote Python AWS Software Engineer,IBM,"Remote in Ottawa, ON+1 location",https://ca.indeed.com/viewjob?jk=976a4fe0f896d286&q=Python
Jr. Java Developer,Apex Consulting Services,"McKinley Landing, BC",https://ca.indeed.com/viewjob?jk=e294607112e4300e&q=Python
Reporting Analyst I (Canada Remote),Fullscript,"Remote in Ottawa, ON",https://ca.indeed.com/viewjob?jk=0976df7e1c7848e2&q=Python
Software Engineer,eBay Inc.,Remote in Canada,https://ca.indeed.com/viewjob?jk=b5bf8d8564b57bd8&q=Python
IIoT Software Tester,ATS Automation Tooling Systems Inc.,"Remote in Cambridge, ON",https://ca.indeed.com/viewjob?jk=c70a6d7ff38c5328&q=Python
QA Analyst,CGI Inc,"Montréal, QC",https://ca.indeed.com/viewjob?jk=5b2a012768929661&q=Python
Junior Full Stack Developer,Helcim,"Hybrid remote in Calgary, AB",https://ca.indeed.com/viewjob?jk=399fca65219a41cb&q=Python
Business Analyst,Canadian Tire,"Brampton, ON",https://ca.indeed.com/viewjob?jk=b7d28d8843c65852&q=Python
software engineer,Buckley industrial consulting inc,"Delta, BC",https://ca.indeed.com/viewjob?jk=5ba82106f0c8095b&q=Python
Cybersecurity- IT -Summer 2022 (4 months),Canadian Tire,"Remote in Toronto, ON",https://ca.indeed.com/viewjob?jk=d2fca9e955c210e5&q=Python
Senior Data Analyst,SAP,"Vancouver, BC",https://ca.indeed.com/viewjob?jk=7968dee94d3b8ba9&q=Python
ASIC Formal Verification (Co-op)-JR0000268,Solidigm,"Vancouver, BC",https://ca.indeed.com/viewjob?jk=cda19158c996503b&q=Python
Intern - Software Test,Stryker,"Burnaby, BC",https://ca.indeed.com/viewjob?jk=5fde26d1fa1091f2&q=Python
Intern - AI/Deep Learning,"Deeplite, Inc.","Toronto, ON+1 location",https://ca.indeed.com/viewjob?jk=3f95625695cf3efa&q=Python
senior software developer,Dynpro Canada Inc,"Mississauga, ON",https://ca.indeed.com/viewjob?jk=d57ad46fef3a3b6c&q=Python
DevOps Engineer,Ambassador Labs,"Remote in Montréal, QC",https://ca.indeed.com/viewjob?jk=46169670e3b40a94&q=Python
People Analytics Specialist,GS1 Canada,Remote,https://ca.indeed.com/viewjob?jk=5459c6335713b46d&q=Python
Full Stack Engineer,Accenture,"Vancouver, BC+4 locations",https://ca.indeed.com/viewjob?jk=92c9391675614bbf&q=Python
"Software Developer - Platform Backend (Scala, PHP, Python)",SigFig,"Calgary, AB",https://ca.indeed.com/viewjob?jk=32454849649f3cd6&q=Python
Cloud Python Developer,Fivesky,"Montréal, QC",https://ca.indeed.com/viewjob?jk=5fa4d573699088f4&q=Python
"Software Engineer, Python",Pagefreezer,"Vancouver, BC",https://ca.indeed.com/viewjob?jk=c2f85720128f41ab&q=Python
Data Analyst -,Dawn InfoTek Inc.,"Toronto, ON",https://ca.indeed.com/viewjob?jk=fa7343fa2ecc9f9a&q=Python
Software Tester,ATS Automation Tooling Systems Inc.,"Cambridge, ON",https://ca.indeed.com/viewjob?jk=5cfa4f8f320f70bc&q=Python
"Business Analyst - I, Customer Trust & Partner Support","AMZN CAN Fulfillment Svcs, ULC","Vancouver, BC+1 location",https://ca.indeed.com/viewjob?jk=7b211bc55d041452&q=Python
Data Wizard,StylePixi,"Vancouver, BC",https://ca.indeed.com/viewjob?jk=19b3ffb4fa3359e8&q=Python
Junior IT Specialist,Fortinet,"Burnaby, BC",https://ca.indeed.com/viewjob?jk=54c3c0050e42d30d&q=Python
Power BI / Reporting Developer,Information Technology Solution Providers Inc,"Toronto, ON",https://ca.indeed.com/viewjob?jk=d44083412335d412&q=Python
Graduate Econometrician (Toronto),Media.Monks,"Toronto, ON",https://ca.indeed.com/viewjob?jk=0d849b2382d584cb&q=Python
Azure Developer - Cognitive Services (remote),Software International,"Remote in Mississauga, ON",https://ca.indeed.com/viewjob?jk=47f13d5da600a373&q=Python
Data Scientist,Yoppworks,"Remote in Ottawa, ON",https://ca.indeed.com/viewjob?jk=3d7e85261885af56&q=Python
Full Stack Developer,Accreon,"Remote in Fredericton, NB",https://ca.indeed.com/viewjob?jk=6110cbdb8c76e986&q=Python
Senior PLSQL,CGI Inc,"Halifax, NS",https://ca.indeed.com/viewjob?jk=2df621da35584547&q=Python
Data Analyst,Inkbox,"Toronto, ON",https://ca.indeed.com/viewjob?jk=56d4c247c447497d&q=Python
Python/Java Developer (Capital Markets),Dawn InfoTek Inc.,"Toronto, ON",https://ca.indeed.com/viewjob?jk=5fd896113abcee12&q=Python
Senior Business Analyst - Services Analytics,Angi,"Remote in Vancouver, BC+3 locations",https://ca.indeed.com/viewjob?jk=6c291753b0515eb3&q=Python
Software Release and Test Engineer (COOP),Ecoation,"Vancouver, BC",https://ca.indeed.com/viewjob?jk=d7caec955f818051&q=Python
Data Analyst,Ecoscape Environmental Consultants Ltd.,"Kelowna, BC",https://ca.indeed.com/viewjob?jk=f4ef6656470f5cb8&q=Python
Data Scientist,Technohires Consultancy Services LLC,"Toronto, ON",https://ca.indeed.com/viewjob?jk=1c66871de301802b&q=Python
Data and Reporting Analyst,Vermilion Energy,"Calgary, AB",https://ca.indeed.com/viewjob?jk=1cdd2f33e859e826&q=Python
Backend Engineer,Health Espresso,"Toronto, ON",https://ca.indeed.com/viewjob?jk=7d313a65bbfeca11&q=Python
Software Engineer – Production Technology (All Levels),Walt Disney Animation Studios,"Vancouver, BC",https://ca.indeed.com/viewjob?jk=1b666f89e2bd8c53&q=Python
Software Engineer,Think Big Solutions,"Toronto, ON",https://ca.indeed.com/viewjob?jk=dfa9dea4655417ab&q=Python
Python Developer & Data Engineer (Remote Full-time Permanent...,BDO,"Remote in Toronto, ON",https://ca.indeed.com/viewjob?jk=f60d680599326068&q=Python
Python Software Engineer - International growing scale-up!,Channable,"Utrecht, Netherlands",https://stackoverflow.com/jobs/265091
Backend Engineering Manager (Python) - Spekit - High Growth Series A Startup,SpekitviaSource Coders,No office location,https://stackoverflow.com/jobs/566634
Software Developer (Python),Picnic,"Amsterdam, Netherlands",https://stackoverflow.com/jobs/292346
Python Software Engineer,Captivation Software,"Fort Meade, MD",https://stackoverflow.com/jobs/525426
Python Developer suchen Kollegen (m/w/d),solute GmbH,"Karlsruhe, Deutschland",https://stackoverflow.com/jobs/284443
Backend Software Engineer - Python,Hubs,"Amsterdam, Netherlands",https://stackoverflow.com/jobs/543394
Python Data Engineer,Tech City Labs,"Reading, UK",https://stackoverflow.com/jobs/566099
"Senior Software Engineer, Python",Chaturbate,"San Francisco, CA",https://stackoverflow.com/jobs/566183
Python Engineer,McD Tech Labs,"Mountain View, CA",https://stackoverflow.com/jobs/534766
Senior Backend Engineer (Python/Django) (m/f/d),Motius GmbH,"Belgrad, Serbien",https://stackoverflow.com/jobs/566601
Python/Django Developer (m/f/d),social sweethearts® GmbH,No office location,https://stackoverflow.com/jobs/566615
Fullstack Engineer II (Python/Django/React),StyleSeat,No office location,https://stackoverflow.com/jobs/554278
Python Entwickler*in Remote (f/m/d),Ambient,"Köln, Deutschland",https://stackoverflow.com/jobs/493874
Python Engineer for Climate Change - Budapest,MSCI,"Budapest, Hungary",https://stackoverflow.com/jobs/566493
"Tech Lead, Python Systems Engineering",McD Tech Labs,"Mountain View, CA",https://stackoverflow.com/jobs/523801
Python Developer (Remote),X-Team,No office location,https://stackoverflow.com/jobs/534454
Senior Software Developer Python (m/f/d),Ströer Online Marketing,"Hamburg, Deutschland",https://stackoverflow.com/jobs/462625
Python Developer (Remote),Finsera,No office location,https://stackoverflow.com/jobs/524065
Sr. Full Stack Engineer- Python,AutoTrader,"Toronto, ON, Canada",https://stackoverflow.com/jobs/529021
Python Engineer,Intel Corporation,"Gdańsk, Poland",https://stackoverflow.com/jobs/529943
Senior Software Engineer (Python),HENNGE K.K.,"Tokyo, Japan",https://stackoverflow.com/jobs/555511
Python-Entwickler (w/m/d),parcIT GmbH,"Köln, Germany",https://stackoverflow.com/jobs/566326
Senior Python/Django Fullstack Developer (m/f/d) - On-site or Remote,social sweethearts® GmbH,"München, Deutschland",https://stackoverflow.com/jobs/566738
Software Engineer (Python AWS),Wizeline,"Phường 12 (Quận 10), Vietnam",https://stackoverflow.com/jobs/487852
"Data Engineer (Python, ETL)",Finsera,No office location,https://stackoverflow.com/jobs/536631
"Software Engineer, Python&TypeScript",Chaturbate,No office location,https://stackoverflow.com/jobs/566212
Senior Full Stack Engineer (Python/JavaScript),Night Market,No office location,https://stackoverflow.com/jobs/566448
Full Stack Engineer (Mid-level - Python/JavaScript),Night Market,No office location,https://stackoverflow.com/jobs/566449
"Fullstack Software Entwickler - Python, .NET (m/w/d)",Comline Computer + Softwarelösungen SE,"Hamburg, Deutschland",https://stackoverflow.com/jobs/566662
"Senior IoT Software Engineer (M/W/D/) Python, C++",VISPIRON CHARGE-V GmbH,"München, Deutschland",https://stackoverflow.com/jobs/524044
Software Engineer - Machine Learning Team (Python/C++) (m/w/d),Volume Graphics GmbH,"Heidelberg, Deutschland",https://stackoverflow.com/jobs/550558
Senior Python Backend Engineer (Site Reliability Engineering) (f/m/d),Delivery Hero SE,"Berlin, Germany",https://stackoverflow.com/jobs/566684
"Python Developer, REMOTE",Pentalog,No office location,https://stackoverflow.com/jobs/566579
Software Engineer (Python Data Stack) (m/f/d),QuantCo,"Karlsruhe, Germany",https://stackoverflow.com/jobs/349976
"Junior IoT Developer (M/W/D) Python, C++",VISPIRON CHARGE-V GmbH,"München, Deutschland",https://stackoverflow.com/jobs/548810
"Senior Python Software Developer (m/f/d) @ our Partner ADSPERT (Berlin, remote)",solute GmbH,"Berlin, Deutschland",https://stackoverflow.com/jobs/547853
"IoT / Java, Python Entwickler (w/m/d) - bundesweit & Homeoffice",objective partner AG,"Weinheim, Deutschland",https://stackoverflow.com/jobs/550882
Lead Software Engineer - Python Focus Big Loop Systems (m/f/d),CARIAD,"Ingolstadt, Germany",https://stackoverflow.com/jobs/566377
"Senior Data Engineer (Python, Kafka, Airflow)",AMBOSS,"Berlin, Germany",https://stackoverflow.com/jobs/415218
"Insider Threat Engineer, Remote, Banking, Finance, Python, information security",MUFG,No office location,https://stackoverflow.com/jobs/566297
"Senior .Net Developer for ML, Computer Vision and Python Algorithm development",MapLarge,No office location,https://stackoverflow.com/jobs/165235
"Software-Entwickler / Developer (w/m/d) Java, Python, UiPath - Operation Support",Daimler Group Services Berlin,"Berlin, Deutschland",https://stackoverflow.com/jobs/566052
DevOps Engineer with interesting scale up challenges,Channable,"Utrecht, Netherlands",https://stackoverflow.com/jobs/500253
C++/C Engineers required for leading Engineering company to work in Ireland.,"Arista Networks, Inc","Dublin 1, Ireland",https://stackoverflow.com/jobs/149576
"Software Engineer, Backend",SmartNews,"Shibuya City, Japan",https://stackoverflow.com/jobs/208334
Backend Engineer - all levels at sustainable start-up (m/f/x)-Munich or Remote,FINN,"München, Germany",https://stackoverflow.com/jobs/331741
Senior Software Engineer – Backend for FinTech Startup,Electrolux,"Stockholm, Sweden",https://stackoverflow.com/jobs/566720
Backend Developer,Octopus Energy,"London, UK",https://stackoverflow.com/jobs/197943
Senior Software Developer (Full Stack),Jewel Paymentech Pte Ltd,Singapore,https://stackoverflow.com/jobs/534474
Backend Developer - APIs Team,Octopus Energy,"London, UK",https://stackoverflow.com/jobs/533658
Computer Vision Scientist (all genders),ImFusion GmbH,"Munich, Germany",https://stackoverflow.com/jobs/566753
"Software Engineer, Python&TypeScript",Chaturbate,No office location,https://stackoverflow.com/jobs/566212
Women in Leadership Tech -all levels at sustainable start-up (f/x) Munich/Remote,FINN,"München, Germany",https://stackoverflow.com/jobs/566709
Django Engineer (m/f/d) for Germany's leading local marketing platform,RegioHelden GmbH,"Stuttgart, Germany",https://stackoverflow.com/jobs/566661
Tech Lead Engineering at sustainable start-up (m/f/x) - Munich/Remote,FINN,"München, Germany",https://stackoverflow.com/jobs/541678
Cloud Engineer - Remote/On-Site,eLearning Industry,"Athens, Greece",https://stackoverflow.com/jobs/566140
(Senior) Data Engineer (all genders),Elinvar GmbH,"Berlin, Germany",https://stackoverflow.com/jobs/566723
Software Developer Frontend / fullstack (all genders),meteocontrol GmbH,"Augsburg, Deutschland",https://stackoverflow.com/jobs/566507
Software Engineer - Backend (d/f/m),Stylight,"München, Deutschland",https://stackoverflow.com/jobs/566055
"Frontend Software Engineer, Business Integrity",ByteDance,Singapore,https://stackoverflow.com/jobs/553035
Full-Stack Software Engineer (C# + .NET 6 / React + Typescript) (f/m/d),HeidelbergCement AG,"Heidelberg, Deutschland",https://stackoverflow.com/jobs/559624
Front End Software Engineer – HPC Products,DUG Technology,"West Perth, Australia",https://stackoverflow.com/jobs/528137
Remote Fullstack Entwicklerin (m/w/d),Ambient,"Köln, Deutschland",https://stackoverflow.com/jobs/552969
"Backend Software Engineer, Video Infrastructure",ByteDance,Singapore,https://stackoverflow.com/jobs/547751
Women in Tech - all levels at sustainable start-up (f/x) - Munich or Remote,FINN,No office location,https://stackoverflow.com/jobs/565648
"Backend Software Engineer, Customer Service Platform",ByteDance,Singapore,https://stackoverflow.com/jobs/529048
Senior Full Stack Software Engineer,kaliber.ai,No office location,https://stackoverflow.com/jobs/251476
Software Engineer in Test,McD Tech Labs,"Mountain View, CA",https://stackoverflow.com/jobs/523806
Full Stack Web Developer (m/w/d),solute GmbH,"Karlsruhe, Deutschland",https://stackoverflow.com/jobs/556141
Web Engineer,Signal AI,"London, UK",https://stackoverflow.com/jobs/273615
Lead Full-Stack Software Engineer (Tech Lead) (f/m/d),HeidelbergCement AG,"Heidelberg, Deutschland",https://stackoverflow.com/jobs/557326
"Full-Stack Developer, Research & Development",Houston Astros Baseball R&D,"Houston, TX",https://stackoverflow.com/jobs/536288
Software Engineer - Build the next generation of AI platform,Signal AI,"London, UK",https://stackoverflow.com/jobs/246027
"Full-Stack Developer (JavaScript, Node.JS) - REMOTE",MUFG,No office location,https://stackoverflow.com/jobs/559442
Software Engineer (Backend) (m/f/d),QuantCo,"Berlin, Germany",https://stackoverflow.com/jobs/409511
Senior Software Engineer - tripleup.com,Triple for Numo,"Pittsburgh, PA",https://stackoverflow.com/jobs/545291
Front-End Software Engineer,HENNGE K.K.,"Tokyo, Japan",https://stackoverflow.com/jobs/381280
Software Engineer (Monitoring System) - Working in Japan,LINE Fukuoka,"Fukuoka, Japan",https://stackoverflow.com/jobs/273841
"Backend Software Engineer, Business Integrity",ByteDance,Singapore,https://stackoverflow.com/jobs/553036
Full Stack Developer (m/f/d) – Product Team,Boehringer Ingelheim,"Wien, Österreich",https://stackoverflow.com/jobs/566017
"Software Engineer, Platform Infrastructure",SmartNews,"Shibuya City, Japan",https://stackoverflow.com/jobs/448299
Control Software Designer C++,Topic Embedded Systems B.V.,"Best, Netherlands",https://stackoverflow.com/jobs/566736
"Senior Software Developer, REMOTE",Pentalog,No office location,https://stackoverflow.com/jobs/566592
Full Stack Engineer Intern,Odoo,"Buffalo, NY",https://stackoverflow.com/jobs/566730
Remote Software Engineer Internship,HENNGE K.K.,No office location,https://stackoverflow.com/jobs/518082
System Engineer (f/m/d) Kubernetes,ADITION technologies AG,"Freiburg im Breisgau, Deutschland",https://stackoverflow.com/jobs/525462
"Full-Stack Developer (JavaScript, Node.JS) - REMOTE",MUFG,No office location,https://stackoverflow.com/jobs/566296
Software Engineer in Test,Esri,"Redlands, CA",https://stackoverflow.com/jobs/561053
Backend Software Engineer - Trust and Safety Engineering,ByteDance,Singapore,https://stackoverflow.com/jobs/546396
Software Engineer,The Orchard,"London, UK",https://stackoverflow.com/jobs/543314
Software Entwickler (m/w/d),NOVOMATIC AG,"Gumpoldskirchen, Österreich",https://stackoverflow.com/jobs/554829
"Lead Software Engineer, atma.io",atma.io,No office location,https://stackoverflow.com/jobs/566393
Software Engineer,SUSE,No office location,https://stackoverflow.com/jobs/514397
"Software Engineering, VP - New York, NY - Banking - Finance - JAVA - AWS - AZURE",MUFG,"New York, NY",https://stackoverflow.com/jobs/566312
C++ Software Engineer - Amsterdam,IMC Trading,"Amsterdam, Netherlands",https://stackoverflow.com/jobs/126614
Software Engineer,Odoo,"Ciudad de México, Mexico",https://stackoverflow.com/jobs/472421
Staff Software Engineer C++ - Intelligent Data Aggregation (m/f/d),CARIAD,"Wolfsburg, Germany",https://stackoverflow.com/jobs/566379
"Softwarearchitekt Digitale Signalverarbeitung, Software Defined Radio (m/w/d)",Rheinmetall,"Bremen, Deutschland",https://stackoverflow.com/jobs/560043
Lead Data Scientist,Singapore Innovate Pte. Ltd,Singapore,https://stackoverflow.com/jobs/565885
Staff Site Reliability Engineer,McD Tech Labs,"Mountain View, CA",https://stackoverflow.com/jobs/534770
Remote Sr. Frontend Architect (React) - Spekit - High Growth Series B Startup,SpekitviaSource Coders,No office location,https://stackoverflow.com/jobs/566565
(Senior) Software Developer (m/w/d),Bundesdruckerei-Gruppe,"Berlin, Deutschland",https://stackoverflow.com/jobs/566743
Senior Software Engineer - tripleup.com,Triple for Numo,"Pittsburgh, PA",https://stackoverflow.com/jobs/545291
"DevOps Engineer, REMOTE",Pentalog,No office location,https://stackoverflow.com/jobs/566578
(Senior) Backend Engineer (m/w/d) - Trufa,Deloitte Deutschland,"Düsseldorf, Deutschland",https://stackoverflow.com/jobs/545254
Software Architect Lead,WeLab Bank Limited,Hong Kong,https://stackoverflow.com/jobs/565713
Software Engineer Frontend/Fullstack - Media & Services Hub (m/f/d),HolidayCheck Group AG,"München, Deutschland",https://stackoverflow.com/jobs/559404
Web Systems Engineer - HPC Products,DUG Technology,"West Perth, Australia",https://stackoverflow.com/jobs/528138
(Senior) Android Software Developer - Munich,Paradox Cat GmbH,"München, Deutschland",https://stackoverflow.com/jobs/181583
"Backend Tech Lead, Customer Service Platform",ByteDance,Singapore,https://stackoverflow.com/jobs/546681
Solutions Architect | Senior Consultant | DevOps | Remote,Copado Strategic Services,No office location,https://stackoverflow.com/jobs/517847
System Engineer (m/w/d) Kubernetes/OpenShift,German Edge Cloud GmbH & Co. KG,"Limburg an der Lahn, Deutschland",https://stackoverflow.com/jobs/539732
Software Engineering Manager,iptiQ by Swiss Re,"Hoofddorp, Netherlands",https://stackoverflow.com/jobs/472051
Software Engineer,Odoo,"San Francisco, CA",https://stackoverflow.com/jobs/472407
"(Senior) Software Engineer, Embedded Systems (m/f/d)",tado GmbH,"München, Deutschland",https://stackoverflow.com/jobs/566734
Technical Writer (m/f/x) - Munich or Remote,FINN,"München, Germany",https://stackoverflow.com/jobs/566504
Software Engineer (m/w/d) Automation,H-TEC SYSTEMS GmbH,"Augsburg, Deutschland",https://stackoverflow.com/jobs/566540
Senior Software Engineer / Ruby or Elixir/ Remote,The RealReal,No office location,https://stackoverflow.com/jobs/522850
Senior Software Engineer Fullstack Java (m/w/d),SCHUFA Holding AG,"Wiesbaden, Deutschland",https://stackoverflow.com/jobs/566435
Full Stack Engineer,Odoo,"San Francisco, CA",https://stackoverflow.com/jobs/524056
Software Design Engineer C#,Topic Embedded Systems B.V.,"Best, Netherlands",https://stackoverflow.com/jobs/566386
Software Integration AI Engineer,Intel Corporation,"George Town, Malaysia",https://stackoverflow.com/jobs/552554
Cloud Engineer Linux,team.blue NL B.V.,"Rotterdam, Netherlands",https://stackoverflow.com/jobs/523426
Entwickler Embedded Software (m/w/d),IHSE GmbH,"Oberteuringen, Deutschland",https://stackoverflow.com/jobs/566700
Fullstack Developer (m/w/d),German Edge Cloud GmbH & Co. KG,"Limburg an der Lahn, Deutschland",https://stackoverflow.com/jobs/539736
Senior Software Developer Engineer in Test (SDET),WithMe HealthviaSource Coders,No office location,https://stackoverflow.com/jobs/566744
Fullstack Developer (m/w/d),German Edge Cloud GmbH & Co. KG,"Limburg an der Lahn, Deutschland",https://stackoverflow.com/jobs/539736
(Senior) Backend Developer (f/m/d) Big Data,ADITION technologies AG,"Freiburg im Breisgau, Deutschland",https://stackoverflow.com/jobs/304655
Experienced Software Engineer,Outschool,No office location,https://stackoverflow.com/jobs/550915
"Software Engineer, Speech & Audio",ByteDance,Singapore,https://stackoverflow.com/jobs/553106
Senior Software Engineer,Stardog Union,No office location,https://stackoverflow.com/jobs/521448
"Staff Software Engineer, Applied AI",McD Tech Labs,"Mountain View, CA",https://stackoverflow.com/jobs/523807
(Junior) Data Engineer (m/f/x) onsite or remote (in Germany),Scalable Capital GmbH,"München, Deutschland",https://stackoverflow.com/jobs/516327
Full Stack Engineer,Odoo,"Buffalo, NY",https://stackoverflow.com/jobs/558069
Backend Engineer - Tradeshift Engage,Tradeshift,"Aarhus, Denmark",https://stackoverflow.com/jobs/526909
Software Integration AI Engineer,Intel Corporation,"George Town, Malaysia",https://stackoverflow.com/jobs/552554
Software Engineer (m/w/d),Bühler Motor Aviation GmbH,"Uhldingen-Mühlhofen, Deutschland",https://stackoverflow.com/jobs/566574
DevOps - System Admin (Remote),iubenda,"Milan, Italy",https://stackoverflow.com/jobs/566171
"Backend Tech Lead, Customer Service Platform",ByteDance,Singapore,https://stackoverflow.com/jobs/553813
Data Engineer for Insurtech Startup,iptiQ by Swiss Re,"Hoofddorp, Netherlands",https://stackoverflow.com/jobs/471200
Forensic Software Developer (Entry and Mid Levels),"Cipher Tech Solutions, Inc","Tampa, FL",https://stackoverflow.com/jobs/562286
"Senior Software Engineer, Trust, Education",Chan Zuckerberg Initiative,"Redwood City, CA",https://stackoverflow.com/jobs/537679
(Senior) Frontend Engineer (m/w/d) - Trufa,Deloitte Deutschland,"Düsseldorf, Deutschland",https://stackoverflow.com/jobs/533749
"Software Engineer, IoT Manufacturing (m/w/d)",tado GmbH,"München, Deutschland",https://stackoverflow.com/jobs/566735
Back-End Software Engineer,HENNGE K.K.,"Tokyo, Japan",https://stackoverflow.com/jobs/380985
Software Engineer (HVM),Intel Corporation,"Kulim, Malaysia",https://stackoverflow.com/jobs/538188
Senior Software Engineer - Data Lake,Mimecast,"London, UK",https://stackoverflow.com/jobs/558739
Werkstudent Software Engineering Data & ML (m/w/d),QuantCo,"Karlsruhe, Deutschland",https://stackoverflow.com/jobs/328986
Software Entwickler*innen / Programmierer*innen,PNDetector GmbH,"München, Deutschland",https://stackoverflow.com/jobs/566513
Site Reliability Engineer,Zattoo,"Berlin, Germany",https://stackoverflow.com/jobs/565748
Build Engineer - New Sci-Fi FPS IP,Creative Assembly,"Horsham, UK",https://stackoverflow.com/jobs/566137
"Senior Software Engineer, Trust, Education",Chan Zuckerberg Initiative,"Redwood City, CA",https://stackoverflow.com/jobs/537679
(Senior) Software Engineer- ADAS &amp; AD (m/f/d),CARIAD,"Munich, Germany",https://stackoverflow.com/jobs/566563
"Testing Software Engineer, TikTok e-Commerce",ByteDance,Singapore,https://stackoverflow.com/jobs/533132
Embedded Software Engineer,Sonova AG,"Stäfa, Schweiz",https://stackoverflow.com/jobs/566268
Site Reliability Engineer - Infrastructure Engineering,ByteDance,Singapore,https://stackoverflow.com/jobs/553810
"Software Engineer Lead, Vice President - New York, NY - Banking - Financial",MUFG,"New York, NY",https://stackoverflow.com/jobs/566310
Build/Release Engineer,Tausight,No office location,https://stackoverflow.com/jobs/556779
"Software Engineer, IoT Manufacturing (m/w/d)",tado GmbH,"München, Deutschland",https://stackoverflow.com/jobs/566735
Technical Support Engineer,Odoo,"San Francisco, CA",https://stackoverflow.com/jobs/558070
Senior Backend Engineer,McD Tech Labs,"Mountain View, CA",https://stackoverflow.com/jobs/523791
Software Engineer Java (m/w/d),SCHUFA Holding AG,No office location,https://stackoverflow.com/jobs/566457
JR0178225 OpenIPC Senior Software Engineer,Intel Corporation,"Hillsboro, OR",https://stackoverflow.com/jobs/542196
"Senior Software Engineer, Data Services",Avature,"Herndon, VA",https://stackoverflow.com/jobs/566664
Senior Full-Stack Engineer with Node.js - Tradeshift Go,Tradeshift,"Bucharest, Romania",https://stackoverflow.com/jobs/526924
DevOps- Engineer (m/w/d),Volume Graphics GmbH,"Heidelberg, Deutschland",https://stackoverflow.com/jobs/545615
Software Engineer - Networking Applications,Intel Corporation,"Bengaluru, India",https://stackoverflow.com/jobs/539242
"Software Engineering, Analyst",MUFG,"Charlotte, NC",https://stackoverflow.com/jobs/559440
Senior Data Engineer (Fully Remote),Call Simulator,"Tallahassee, FL",https://stackoverflow.com/jobs/566182
"Software Engineer, Infrastructure, Education",Chan Zuckerberg Initiative,"Redwood City, CA",https://stackoverflow.com/jobs/565977
Senior Backend Engineer,Singapore Innovate Pte. Ltd,Singapore,https://stackoverflow.com/jobs/561308
Software Defined Radio Developer,Captivation Software,"Aberdeen Proving Ground, MD",https://stackoverflow.com/jobs/316048
Full Stack Engineer,Zattoo,"Berlin, Germany",https://stackoverflow.com/jobs/565749
Software Validation Engineer,Intel Corporation,"Gdańsk, Poland",https://stackoverflow.com/jobs/529939
R&D Full Stack Software Engineer (Experienced),Sandia National Laboratories,"Albuquerque, NM",https://stackoverflow.com/jobs/566344
Research Scientist with focus on Interventional Ultrasound (f/m/x),ImFusion GmbH,"München, Deutschland",https://stackoverflow.com/jobs/562664
Full Stack Engineer,Zattoo,"Berlin, Germany",https://stackoverflow.com/jobs/565749
Application Developer/Anwendungsentwickler (m/w/d),Element Six GmbH,"Burghaun, Deutschland",https://stackoverflow.com/jobs/566639
Software Validation Engineer,Intel Corporation,"Gdańsk, Poland",https://stackoverflow.com/jobs/529939
"Senior Software Engineer, Language",McD Tech Labs,"Mountain View, CA",https://stackoverflow.com/jobs/523798
Junior Backend Engineer (m/f/d),Relayr,"Katowice, Poland",https://stackoverflow.com/jobs/551592
Software Developer (künstliche Intelligenz) - für E-Commerce Agentur in Bremen,hmmh multimediahaus AG,No office location,https://stackoverflow.com/jobs/529059
Senior Backend Engineer,Singapore Innovate Pte. Ltd,Singapore,https://stackoverflow.com/jobs/561308
Cloud Software Performance Engineer,Intel Corporation,"Hillsboro, OR",https://stackoverflow.com/jobs/528554
Senior Data Engineer (Fully Remote),Call Simulator,"Tallahassee, FL",https://stackoverflow.com/jobs/566182
Data Engineer (Remote),X-Team,No office location,https://stackoverflow.com/jobs/534443
Frontend Engineer (m/w/d),QuantCo,"Karlsruhe, Deutschland",https://stackoverflow.com/jobs/553014
"Software Engineer (Product Infrastructure), TikTok e-Commerce",ByteDance,Singapore,https://stackoverflow.com/jobs/533135
Software Engineer,MUFG,"Charlotte, NC",https://stackoverflow.com/jobs/559421
DevOps Manager/Architect,Self Decode,No office location,https://stackoverflow.com/jobs/566409
Senior Data Engineer - Recommendations (f/m/d),Delivery Hero SE,"Berlin, Germany",https://stackoverflow.com/jobs/565991
Qt C++ SDK Software Development Engineer,Esri,"Redlands, CA",https://stackoverflow.com/jobs/561049
Senior DevOps Engineer,Tradeshift,"Bucharest, Romania",https://stackoverflow.com/jobs/526929
QA Tester,Self Decode,No office location,https://stackoverflow.com/jobs/561041
Full Stack Developer,Rakettitiede,"Helsinki, Finland",https://stackoverflow.com/jobs/522743
Senior Data Engineer,Blinks Labs GmbH,"Berlin, Germany",https://stackoverflow.com/jobs/566660
Senior Software Engineer - Material Analysis Team (C++) (m/w/d),Volume Graphics GmbH,"Heidelberg, Deutschland",https://stackoverflow.com/jobs/163095
Software Test Automation Specialist (m/w/x),ZEISS Group,"München, Deutschland",https://stackoverflow.com/jobs/541069
Software Systems Engineer (80%-100%),Open Systems AG,"Zürich, Switzerland",https://stackoverflow.com/jobs/550751
Process Engineering Graduate Intern,Intel Corporation,"Albuquerque, NM",https://stackoverflow.com/jobs/531835
Qt C++ SDK Software Development Engineer,Esri,"Redlands, CA",https://stackoverflow.com/jobs/561049
Application Support Engineer,Derivco.,"Málaga, Spain",https://stackoverflow.com/jobs/565319
Softwareentwickler* HiL und Prüfstände,EDAG Group,"Ingolstadt, Deutschland",https://stackoverflow.com/jobs/566456
Staff Machine Learning Engineer - REMOTE,The RealReal,"Remote, OR",https://stackoverflow.com/jobs/552039
Application Developer/Anwendungsentwickler (m/w/d),Element Six GmbH,"Burghaun, Deutschland",https://stackoverflow.com/jobs/566639
Firmware Engineer (m/w/d),RUAG Defence Deutschland GmbH,"Wedel, Deutschland",https://stackoverflow.com/jobs/566556
Cloud Architect (m/w/d),dx.one GmbH,"Berlin, Deutschland",https://stackoverflow.com/jobs/566729
Sr. Data Pipeline Engineer - Top Wellness Marketplace Platform,StyleSeat,No office location,https://stackoverflow.com/jobs/525037
"Algorithm Engineer, Enterprise Partnership & Solutions",ByteDance,Singapore,https://stackoverflow.com/jobs/523517
Wireless Communication Engineer - Working Student (m/f/d),Motius GmbH,"München, Deutschland",https://stackoverflow.com/jobs/566740
Software Designer,Topic Embedded Systems B.V.,"Best, Netherlands",https://stackoverflow.com/jobs/566186
"Data Scientist, Machine Learning Evaluation",McD Tech Labs,"Mountain View, CA",https://stackoverflow.com/jobs/523805
Data Engineer – Data Warehouse,Shopee Singapore Private Limited,Singapore,https://stackoverflow.com/jobs/565914
Site Reliability Engineer,Flow Traders,"Amsterdam, Netherlands",https://stackoverflow.com/jobs/381007
DevOps Engineer (Remote),Eterlast,"Barcelona, Spain",https://stackoverflow.com/jobs/563090
Senior ML Engineer,Amaris.AI,Singapore,https://stackoverflow.com/jobs/533811
DevOps Engineer @ Nozomi Networks,Nozomi Networks,"Mendrisio, Switzerland",https://stackoverflow.com/jobs/555314
Data Engineer (m/w/d),ARD-Programmdirektion,"München, Deutschland",https://stackoverflow.com/jobs/566568
Data Engineer (Remote),X-Team,No office location,https://stackoverflow.com/jobs/534443
Software Engineer - Robotics (m/f/d),Motius GmbH,"München, Deutschland",https://stackoverflow.com/jobs/545488
Senior React Developer | Contractor | Remote,Copado Strategic Services,No office location,https://stackoverflow.com/jobs/545086
Devops Engineer - Infrastructure Engineering,ByteDance,Singapore,https://stackoverflow.com/jobs/553812
Senior Software Engineer for growing VC-backed UK startup (based in UK/Europe),Snowplow Analytics,No office location,https://stackoverflow.com/jobs/536083
Senior Software Engineer,Intel Corporation,"Bengaluru, India",https://stackoverflow.com/jobs/539300
Staff Machine Learning Engineer - Computer Vision (m/f/d),CARIAD,"Wolfsburg, Germany",https://stackoverflow.com/jobs/566380
DevOps Engineer,Picnic,"Amsterdam, Netherlands",https://stackoverflow.com/jobs/166839
"Senior Software Engineer, Embedded Systems (m/f/d)",tado GmbH,No office location,https://stackoverflow.com/jobs/566398
Senior React Developer | Contractor | Remote,Copado Strategic Services,No office location,https://stackoverflow.com/jobs/545086
Senior Software Engineer,Intel Corporation,"Bengaluru, India",https://stackoverflow.com/jobs/539300
Senior Data Engineer,Lobster Ink Technologies,"Amsterdam, Netherlands",https://stackoverflow.com/jobs/566626
Staff Machine Learning Engineer - Computer Vision (m/f/d),CARIAD,"Wolfsburg, Germany",https://stackoverflow.com/jobs/566380
Cloud Software Engineer,Intel Corporation,"Gdańsk, Poland",https://stackoverflow.com/jobs/529942
Data Engineer – Data Warehouse,Shopee Singapore Private Limited,Singapore,https://stackoverflow.com/jobs/565914
Intermediate Observability Engineer,Derivco.,"Umhlanga, South Africa",https://stackoverflow.com/jobs/528647
Data Engineer,Coda Payments,No office location,https://stackoverflow.com/jobs/557317
Cloud Software Engineer,Intel Corporation,"Guadalajara, Mexico",https://stackoverflow.com/jobs/536886
Mobile APP Developers - Leading Electronics Company,Pyronix,"Doncaster, UK",https://stackoverflow.com/jobs/524940
Senior Go Lang Developer | Contractor | Remote,Copado Strategic Services,No office location,https://stackoverflow.com/jobs/552166
Automation Developer - Operations,MHR,"Ruddington, UK",https://stackoverflow.com/jobs/544506
Junior Systems Engineer – Entwicklung und Test vernetzter Funktionen,IAV GmbH,"Gaimersheim, Deutschland",https://stackoverflow.com/jobs/566464
"Container Platform Engineer, Vice President",MUFG,No office location,https://stackoverflow.com/jobs/559420
Data Engineer,Hubs,"Amsterdam, Netherlands",https://stackoverflow.com/jobs/558873
Devops Engineer - Infrastructure Engineering,ByteDance,Singapore,https://stackoverflow.com/jobs/553812
"Site Reliability Engineer, Recommendation Architecture",ByteDance,Singapore,https://stackoverflow.com/jobs/553104
Senior DevOps Engineer,Self Decode,No office location,https://stackoverflow.com/jobs/566351
Cloud Software Developer,Intel Corporation,"Guadalajara, Mexico",https://stackoverflow.com/jobs/557644
"Software Engineering, AVP - Hybrid, Charlotte, NC, CI/CD principle, Atlassian",MUFG,"Charlotte, NC",https://stackoverflow.com/jobs/566302
Ethernet Technologies RDMA Software Applications Engineer,Intel Corporation,"Austin, TX",https://stackoverflow.com/jobs/530201
Softwareentwickler*in IDA/Big Data,Atruvia AG,"Karlsruhe, Deutschland",https://stackoverflow.com/jobs/566537
Consultant (m/w/d)/ Developer (m/w/d) Robotic Process Automation (RPA),STAR COOPERATION GmbH,"Böblingen, Deutschland",https://stackoverflow.com/jobs/566512
Senior Data Engineer E-Commerce (m/w/d),Peek & Cloppenburg,"Düsseldorf, Germany",https://stackoverflow.com/jobs/565672
Consultant (m/w/d)/ Developer (m/w/d) Robotic Process Automation (RPA),STAR COOPERATION GmbH,"Böblingen, Deutschland",https://stackoverflow.com/jobs/566512
Java Entwickler (m/w/d),STAR COOPERATION GmbH,"Böblingen, Deutschland",https://stackoverflow.com/jobs/566498
Embedded Software Development Engineer,Baker Hughes,"Groby, UK",https://stackoverflow.com/jobs/560598
Cloud Solutions Architect for Climate Change - Zurich,MSCI,"Zürich, Switzerland",https://stackoverflow.com/jobs/566491
Senior Software Engineer,Administrate,"Edinburgh, UK",https://stackoverflow.com/jobs/522939
DevOps Engineer,Flyr Inc,No office location,https://stackoverflow.com/jobs/522896
Test Process and Module Engineer (Platform),Intel Corporation,"George Town, Malaysia",https://stackoverflow.com/jobs/552555
Software Development Engineer in Test,"ESO Solutions, Inc.","Belfast, UK",https://stackoverflow.com/jobs/528503
Developer Advocate,Supermetrics Oy,"Helsinki, Finland",https://stackoverflow.com/jobs/566093
"Senior Data Engineer, Education",Chan Zuckerberg Initiative,"Redwood City, CA",https://stackoverflow.com/jobs/565328
Network Software Engineer,Intel Corporation,"Austin, TX",https://stackoverflow.com/jobs/530203
Machine Learning Engineer (m/f/x),ING Deutschland,"Frankfurt am Main, Deutschland",https://stackoverflow.com/jobs/565982
Senior Software Engineer,Administrate,No office location,https://stackoverflow.com/jobs/522940
DevOps Manager/Architect,Self Decode,No office location,https://stackoverflow.com/jobs/557000
Head of Scientific Computing (m/f/div),Max Planck Institute for Neurobiology of Behavior – caesar,"Bonn, Deutschland",https://stackoverflow.com/jobs/566074
Machine Learning Engineer,Relay42,"Amsterdam, Netherlands",https://stackoverflow.com/jobs/469169
Software Engineering Manager (f/m/d),Delivery Hero SE,"Berlin, Germany",https://stackoverflow.com/jobs/566668
DevOps Engineer (m/w/d),solute GmbH,"Karlsruhe, Deutschland",https://stackoverflow.com/jobs/556140
Bioinformatician,Choose Your Challenge - Data Careers at Boehringer Ingelheim,"Biberach, Germany",https://stackoverflow.com/jobs/566555
Senior Cloud Security Engineer,MUFG,"Charlotte, NC",https://stackoverflow.com/jobs/559434
"Systems Engineering, Analyst",MUFG,"Charlotte, NC",https://stackoverflow.com/jobs/559441
Informatiker*in für den Bereich Verkehrsmesstechnik,VITRONIC Dr.-Ing. Stein Bildverarbeitungssysteme GmbH,"Wiesbaden, Deutschland",https://stackoverflow.com/jobs/566725
Automotive Security Engineer (m/w/d),Method Park,"Erlangen, Deutschland",https://stackoverflow.com/jobs/558406
Full Stack Developer,BOTS by RevenYOU,"Haarlem, Netherlands",https://stackoverflow.com/jobs/533368
Senior Data Scientist,Choose Your Challenge - Data Careers at Boehringer Ingelheim,"Ingelheim am Rhein, Germany",https://stackoverflow.com/jobs/566536
DevSecOps Consultant,Ensign InfoSecurity (Cybersecurity) Pte Ltd,Singapore,https://stackoverflow.com/jobs/534274
Cloud Native Senior Software Engineer,Intel Corporation,"Dublin, Ireland",https://stackoverflow.com/jobs/548771
Product Engineer I - Real Time & Big Data,Esri,"Redlands, CA",https://stackoverflow.com/jobs/566044
"Lead, Automation Engineer",Revance,"Pleasanton, CA",https://stackoverflow.com/jobs/566559
Senior DevOps Engineer,Self Decode,No office location,https://stackoverflow.com/jobs/566351
Data Engineer,CGI Suomi,"Helsinki, Finland",https://stackoverflow.com/jobs/559232
"Mathematiker, Physiker, Ing. Luft- und Raumfahrttech., Maschinenbau o.ä. (w/m/d)",Deutsches Zentrum für Luft- und Raumfahrt e. V. (DLR),"Göttingen, Deutschland",https://stackoverflow.com/jobs/566144
Embedded Software Development Engineer,Baker Hughes,"Groby, UK",https://stackoverflow.com/jobs/560598
IT System Engineer (m/w/d),SoSafe GmbH,"Köln, Deutschland",https://stackoverflow.com/jobs/566490
"Senior Data Engineer, Education",Chan Zuckerberg Initiative,"Redwood City, CA",https://stackoverflow.com/jobs/565328
Network Software Engineer,Intel Corporation,"Austin, TX",https://stackoverflow.com/jobs/530203
DevOps Engineer (m/f/x),Worldline Germany GmbH,"Aachen, Deutschland",https://stackoverflow.com/jobs/566649
Senior DevOps Engineer (Nordic or Germany),Nets Group,"Helsingfors, Finland",https://stackoverflow.com/jobs/565836
Full Stack Lead/Architect (Sr. Deep Learning R and D Engineer),Intel Corporation,"Bengaluru, India",https://stackoverflow.com/jobs/539294
"Senior Support Engineer, atma.io",atma.io,"Zagreb, Croatia",https://stackoverflow.com/jobs/566442
"Tech Lead, Data Infrastructure",McD Tech Labs,"Mountain View, CA",https://stackoverflow.com/jobs/523800
Senior DevSecOps Engineer - Remote,MUFG,No office location,https://stackoverflow.com/jobs/559427
Senior SRE / DevOps Engineer (m/f/d),CARIAD,"Wolfsburg, Germany",https://stackoverflow.com/jobs/561427
Cloud Platform Engineer (d/m/w) Data & Analytics,DEVK Versicherungen,"Köln, Deutschland",https://stackoverflow.com/jobs/526685
Senior Software Engineer,Administrate,No office location,https://stackoverflow.com/jobs/522941
Software Engineering Manager (f/m/d),Delivery Hero SE,"Berlin, Germany",https://stackoverflow.com/jobs/566668
Senior DevOps Engineer,Supermetrics Oy,No office location,https://stackoverflow.com/jobs/565891
Senior Security Analyst (d/m/w) Schwerpunkt IDS und Bedrohungsanalyse,DEVK Versicherungen,"Köln, Deutschland",https://stackoverflow.com/jobs/524954
Senior Cloud Security Engineer,MUFG,"Charlotte, NC",https://stackoverflow.com/jobs/559434
"Senior Developer (React, Node.js) (m/f/d)",Ziegert EverEstate GmbH,"Berlin, Deutschland",https://stackoverflow.com/jobs/394267
Software Engineering Manager,Intel Corporation,"Bengaluru, India",https://stackoverflow.com/jobs/539256
"Senior Support Engineer, atma.io",atma.io,"Zagreb, Croatia",https://stackoverflow.com/jobs/566442
DevOps Engineer  (Jede*r),tarent solutions GmbH,No office location,https://stackoverflow.com/jobs/555101
Sr. DevOps Enigneer,StyleSeat,No office location,https://stackoverflow.com/jobs/566703
Senior DevOps Engineer,Zenjob,"Berlin, Germany",https://stackoverflow.com/jobs/552356
Experienced Data Engineer,Accenture Romania,"Bucharest, Romania",https://stackoverflow.com/jobs/525561
DevOps Cloud Engineer (Kubernetes) - Remote,IG Group,No office location,https://stackoverflow.com/jobs/532885
Senior DevOps Engineer,Supermetrics Oy,No office location,https://stackoverflow.com/jobs/559002
DevOps Engineer,Esri,"Redlands, CA",https://stackoverflow.com/jobs/566039
Systems Engineer – Entwicklung und Test vernetzter Funktionen,IAV GmbH,"Gaimersheim, Deutschland",https://stackoverflow.com/jobs/566463
Data Engineer (m/w/d) | The Garage,Deloitte Deutschland,"Düsseldorf, Deutschland",https://stackoverflow.com/jobs/545256
McCloud HPC Expert,DUG Technology,"West Perth, Australia",https://stackoverflow.com/jobs/396027
Senior Machine Learning/ Deep Learning Engineer (m/f/d),Motius GmbH,"München, Deutschland",https://stackoverflow.com/jobs/565744
Senior Android Engineer,Livefront,"Minneapolis, MN",https://stackoverflow.com/jobs/521510
Deep Learning System Frameworks Engineer,Intel Corporation,"Shanghai, China",https://stackoverflow.com/jobs/543845
Security Engineer,Outschool,No office location,https://stackoverflow.com/jobs/566357
Data Scientist (d/m/w),DEVK Versicherungen,"Köln, Deutschland",https://stackoverflow.com/jobs/533653
Ecosystems Software Engineer,Intel Corporation,"George Town, Malaysia",https://stackoverflow.com/jobs/552553
DevOps Developer,ECi Software Solutions,No office location,https://stackoverflow.com/jobs/566558
Manager - Data Reliability Engineer,McDonald's Corporation,"Chicago, IL",https://stackoverflow.com/jobs/556557
Graphics Software Engineer,Intel Corporation,"Shanghai, China",https://stackoverflow.com/jobs/543846
"Tech Lead Engineering Manager, Business Integrity",ByteDance,Singapore,https://stackoverflow.com/jobs/553100
"Product Manager, Data & Analytics Solutions (Campus)",Azendian Solutions Pte. Ltd.,Singapore,https://stackoverflow.com/jobs/565767
Open Source Software Lead (Cloud Native),Intel Corporation,"Dublin, Ireland",https://stackoverflow.com/jobs/553034
Information Security Manager (m/w/d),ABOUT YOU SE & Co. KG,"Hamburg, Deutschland",https://stackoverflow.com/jobs/566395
Senior Client Side Developer (m/w/d),Basler AG,"Hamburg, Deutschland",https://stackoverflow.com/jobs/566446
Senior DevSecOps Engineer - REMOTE,MUFG,No office location,https://stackoverflow.com/jobs/559426
Solution Engineer (m/w/d) - Cloud AWS,Deloitte Deutschland,"Düsseldorf, Deutschland",https://stackoverflow.com/jobs/533754
Frontend Developer,Octopus Energy,"London, UK",https://stackoverflow.com/jobs/533659
Experienced Data Engineer,Accenture Romania,"Bucharest, Romania",https://stackoverflow.com/jobs/525561
Head of Shipping Data Science (ML),eBay,"Bellevue, WA",https://stackoverflow.com/jobs/565971
Senior DevOps Engineer,Supermetrics Oy,No office location,https://stackoverflow.com/jobs/559002
Senior DevOps Engineer,The Orchard,"London, UK",https://stackoverflow.com/jobs/543315
Software Engineer,Intel Corporation,"Shanghai, China",https://stackoverflow.com/jobs/540589
Senior DevOps Engineer Consultant |  Full-time or Contract | Remote,Copado Strategic Services,No office location,https://stackoverflow.com/jobs/517961
Senior Site Reliability Engineer (ServiceOps),"Wikimedia Foundation, Inc.",No office location,https://stackoverflow.com/jobs/566259
Senior Android Engineer,Livefront,"Minneapolis, MN",https://stackoverflow.com/jobs/521510
Senior Machine Learning/ Deep Learning Engineer (m/f/d),Motius GmbH,"München, Deutschland",https://stackoverflow.com/jobs/565744
Senior Solution Engineer (m/w/d) - Cloud Azure Expert,Deloitte Deutschland,"Düsseldorf, Deutschland",https://stackoverflow.com/jobs/533755
Senior Cloud Infrastructure Engineer - OPEN TO REMOTE,The RealReal,"San Francisco, CA",https://stackoverflow.com/jobs/552029
"Data Architect, Data Platform",Flyr Inc,"Los Angeles, CA",https://stackoverflow.com/jobs/529117
Manager - Data Reliability Engineer,McDonald's Corporation,"Chicago, IL",https://stackoverflow.com/jobs/556557
Open Source Software Lead (Cloud Native),Intel Corporation,"Dublin, Ireland",https://stackoverflow.com/jobs/553034
"Cloud Engineer (Azure, Google Cloud Platform, AWS)",ti&m AG,"Bern, Schweiz",https://stackoverflow.com/jobs/522337
Senior DevSecOps Engineer - REMOTE,MUFG,No office location,https://stackoverflow.com/jobs/559433
Senior Fullstack Engineer,AMBOSS,"Berlin, Germany",https://stackoverflow.com/jobs/557771
Consultant (m/w/d) - Digital Forensics/Cyber Forensics,Deloitte Deutschland,"Düsseldorf, Germany",https://stackoverflow.com/jobs/566199
Lead Data & Integration Engineer (HProduce) (f/m/d),HeidelbergCement AG,"Heidelberg, Deutschland",https://stackoverflow.com/jobs/537895
"Experienced DevOps Consultant, GitLab/GitHub",Eficode Finland,"Helsinki, Finland",https://stackoverflow.com/jobs/559636
"Site Reliability Engineer, Kubernetes",camunda,No office location,https://stackoverflow.com/jobs/550386
SRE Lead,Electrolux,"Stockholm, Sweden",https://stackoverflow.com/jobs/559156
Cloud Data Architect mit Flair für AI,ti&m AG,"Bern, Schweiz",https://stackoverflow.com/jobs/522336
"Director, Shipping Science",eBay,"Bellevue, WA",https://stackoverflow.com/jobs/565970
Data Analytics Strategist – HConnect (f/m/d),HeidelbergCement AG,"Heidelberg, Deutschland",https://stackoverflow.com/jobs/546689
Graphics SRIOV Virtualization Developer,Intel Corporation,"Bengaluru, India",https://stackoverflow.com/jobs/539293
Site Reliability Engineer III,"Wikimedia Foundation, Inc.",No office location,https://stackoverflow.com/jobs/566260
Software Engineer,Intel Corporation,"Hillsboro, OR",https://stackoverflow.com/jobs/530206
(Junior) Softwareentwickler - Java / Golang / Cloud - (w/m/d),GoCaspi GmbH,No office location,https://stackoverflow.com/jobs/566363
"Report Automation Lead - Jersey City, NJ - Bachelors - Leadership",MUFG,"Jersey City, NJ",https://stackoverflow.com/jobs/566311
Software Engineer,Intel Corporation,"Hillsboro, OR",https://stackoverflow.com/jobs/530570
Sr. DevOps Engineer,SpaceX,"Hawthorne, CA",https://stackoverflow.com/jobs/562440
LEAD INSTRUCTOR - DATA SCIENCE [full time | hybrid],WBS Gruppe,No office location,https://stackoverflow.com/jobs/529936
Software Engineer (Network Software),SpaceX,"Hawthorne, CA",https://stackoverflow.com/jobs/562442
Cloud Software Engineer,Intel Corporation,"Hillsboro, OR",https://stackoverflow.com/jobs/530195
Senior DevOps Platform Engineer,Blinks Labs GmbH,"Berlin, Germany",https://stackoverflow.com/jobs/565687
Software Engineer,Intel Corporation,"Hillsboro, OR",https://stackoverflow.com/jobs/530205
Senior Software Engineer (Java)- Database Services,Mimecast,"London, UK",https://stackoverflow.com/jobs/558741
Sr. Software Engineer (Full stack Java),MUFG,"Charlotte, NC",https://stackoverflow.com/jobs/559425
Platform Engineer,SUSE,No office location,https://stackoverflow.com/jobs/555636
"Cloud Engineer (Azure, Google Cloud Platform, AWS)",ti&m AG,"Zürich, Schweiz",https://stackoverflow.com/jobs/522303
Azure BI Technical Architect,BigChange Ltd,No office location,https://stackoverflow.com/jobs/532866
DevOps / SRE Engineer (f/m/d),HeidelbergCement AG,"Heidelberg, Deutschland",https://stackoverflow.com/jobs/555115
Technical Specialist - System Services,Derivco.,"Umhlanga, South Africa",https://stackoverflow.com/jobs/528648
Edge AI Deep Learning Validation Engineer,Intel Corporation,"Bengaluru, India",https://stackoverflow.com/jobs/539297
Senior DevOps Engineer,Higher Logic,"Arlington, VA",https://stackoverflow.com/jobs/529128
Solution Engineer (m/w/d) - Cloud Azure,Deloitte Deutschland,"Düsseldorf, Deutschland",https://stackoverflow.com/jobs/533750
"Informatiker/in, Ingenieur/in, Physiker/in, Mathematiker/in o. ä. (w/m/d)",Deutsches Zentrum für Luft- und Raumfahrt e. V. (DLR),"Darmstadt, Deutschland",https://stackoverflow.com/jobs/566125
Sr. Application Security Engineer,MUFG,"New York, NY",https://stackoverflow.com/jobs/559422
"Director, Shipping Science",eBay,"Bellevue, WA",https://stackoverflow.com/jobs/565970
Network Software Engineer,Intel Corporation,"Bengaluru, India",https://stackoverflow.com/jobs/539257
Data Platform Architect,Octopus Energy,"London, UK",https://stackoverflow.com/jobs/541302
DevOps Engineer (m/w/d) | The Garage,Deloitte Deutschland,"Düsseldorf, Deutschland",https://stackoverflow.com/jobs/545252
Data Engineer,"Betterup, Inc.",No office location,https://stackoverflow.com/jobs/523557
Senior Security Engineer,IG Group,"London, UK",https://stackoverflow.com/jobs/555193
"Report Automation Lead - Jersey City, NJ - Bachelors - Leadership",MUFG,"Jersey City, NJ",https://stackoverflow.com/jobs/566311
Data Analytics Engineer II,Fullscript,No office location,https://stackoverflow.com/jobs/566652
Senior Data Engineer,Supermetrics Oy,"Helsinki, Finland",https://stackoverflow.com/jobs/546539
DevOps Lead,Which?,"London, UK",https://stackoverflow.com/jobs/556891
Machine Learning Engineer,"Betterup, Inc.",No office location,https://stackoverflow.com/jobs/523562
"Sr. Software Engineer, Machine Learning Infrastructure",Chan Zuckerberg Initiative,"Redwood City, CA",https://stackoverflow.com/jobs/565330
Ethernet Manageability Applications Engineer,Intel Corporation,"Austin, TX",https://stackoverflow.com/jobs/530200
Senior Cloud Software Services Architect,Intel Corporation,"Hillsboro, OR",https://stackoverflow.com/jobs/530190
"CBT Infrastructure AVP, Tempe, AZ, AWS, Linux, project management, scripting",MUFG,"Tempe, AZ",https://stackoverflow.com/jobs/566299
Lead DevOps / SRE Engineer (f/m/d),HeidelbergCement AG,"Heidelberg, Deutschland",https://stackoverflow.com/jobs/555118
Data Scientist,AutoTrader,"Toronto, ON, Canada",https://stackoverflow.com/jobs/529015
Cloud Infrastructure Engineer,Relay42,"Amsterdam, Netherlands",https://stackoverflow.com/jobs/407421
Senior DevOps Engineer - Data Operations,"Sailpoint Technologies, Inc.",No office location,https://stackoverflow.com/jobs/557351
Hyperscale Cloud Developer Advocate,Intel Corporation,"Hillsboro, OR",https://stackoverflow.com/jobs/528557
AI Solutions Architect,Intel Corporation,"Bengaluru, India",https://stackoverflow.com/jobs/539246
Head of Engineering (m/f/d),VEACT GmbH,"München, Deutschland",https://stackoverflow.com/jobs/538334
AI Solutions Architect,Intel Corporation,"Bengaluru, India",https://stackoverflow.com/jobs/539246
Senior Solutions Architect/Data Architect,Intel Corporation,"Hillsboro, OR",https://stackoverflow.com/jobs/530028
"Sr. Capacity and Performance Engineer - remote, financial services industry",MUFG,No office location,https://stackoverflow.com/jobs/566300
Cloud Engineer,Olo,No office location,https://stackoverflow.com/jobs/516558
DevOps Engineer,Higher Logic,No office location,https://stackoverflow.com/jobs/566273
Senior Security Engineer - REMOTE,MUFG,No office location,https://stackoverflow.com/jobs/559444
"Cloud Engineer, AVP -Remote",MUFG,No office location,https://stackoverflow.com/jobs/559428
Scala Engineer,Snowplow Analytics,No office location,https://stackoverflow.com/jobs/562416
"Software Engineering Manager, Seattle WA",MSCI,"Seattle, WA",https://stackoverflow.com/jobs/565855
Computer Scientist - Development Programs - Entry/ Mid-Level,National Security Agency,"Fort Meade, MD",https://stackoverflow.com/jobs/565896
Join our Tech Community as Working Student (m/f/d),Motius GmbH,"München, Deutschland",https://stackoverflow.com/jobs/566670
Software Engineers,Lightmatter,No office location,https://stackoverflow.com/jobs/565756
Senior Software Engineers,Lightmatter,No office location,https://stackoverflow.com/jobs/523002
Senior Backend Developer (f/m/d),HOMELIKE INTERNET GmbH,"Köln, Deutschland",https://stackoverflow.com/jobs/522556
Senior Front-End Developer,kaliber.ai,No office location,https://stackoverflow.com/jobs/565929
Senior Software Engineer – Container Ecosystem,SUSE,No office location,https://stackoverflow.com/jobs/554241
Senior Software Engineer (Go),HENNGE K.K.,"Tokyo, Japan",https://stackoverflow.com/jobs/555512
Junior Software Engineer im Firmenübergreifenden Trainee-Programm (100%),M&F Engineering AG,"Weiningen, Schweiz",https://stackoverflow.com/jobs/233263
"Software Engineering Manager - Selection Domain, Core Order (w/m/d)",Delivery Hero SE,"Berlin, Germany",https://stackoverflow.com/jobs/562276
Platform Engineer,Octopus Energy,"Houston, TX",https://stackoverflow.com/jobs/531787
Senior DevOps Engineer (Cloud Solutions),Coda Payments,No office location,https://stackoverflow.com/jobs/565675
Sr. Software Engineer,SpaceX,"Hawthorne, CA",https://stackoverflow.com/jobs/562441
Engineering Manager,AMBOSS,"Berlin, Germany",https://stackoverflow.com/jobs/524863
Principal Java Engineer,Picnic,"Amsterdam, Netherlands",https://stackoverflow.com/jobs/559762
"Interview Engineer (Remote, United Kingdom)",Karat.com,No office location,https://stackoverflow.com/jobs/565630
DevOps Engineer (w/m/d) - bundesweit & Homeoffice,objective partner AG,"Weinheim, Deutschland",https://stackoverflow.com/jobs/550881
Senior SOC Engineer (Remote - Canada),Open Systems AG,"Vancouver, BC, Canada",https://stackoverflow.com/jobs/548058
Engineering Technical Recruiter,QuantCo,"Berlin, Deutschland",https://stackoverflow.com/jobs/553016
Research Scientist,"Edgestream Partners, L.P.","Princeton, NJ",https://stackoverflow.com/jobs/518607
"Interview Engineer (Remote, Germany)",Karat.com,No office location,https://stackoverflow.com/jobs/565627
"Interview Engineer (Remote, Canada)",Karat.com,No office location,https://stackoverflow.com/jobs/565626
"Interview Engineer (Remote, Australia)",Karat.com,No office location,https://stackoverflow.com/jobs/565625
Lead AI Engineer,Singapore Innovate Pte. Ltd,Singapore,https://stackoverflow.com/jobs/560743
"Interview Engineer (Remote, South Africa)",Karat.com,No office location,https://stackoverflow.com/jobs/565624
Data Corn (m/w/d),Breuninger GmbH & Co.,"Stuttgart, Deutschland",https://stackoverflow.com/jobs/432950
"Interview Engineer (Remote, Mexico)",Karat.com,No office location,https://stackoverflow.com/jobs/565629
"Interview Engineer (Remote, Israel)",Karat.com,No office location,https://stackoverflow.com/jobs/565628
"Tech Lead Engineering Manager, Trust and Safety Engineering",ByteDance,Singapore,https://stackoverflow.com/jobs/546397
Scientific Applications Developer,DownUnder GeoSolutions Pty Ltd,"West Perth, Australia",https://stackoverflow.com/jobs/352726
Senior SOC Engineer,Open Systems AG,"Zürich, Switzerland",https://stackoverflow.com/jobs/548049
Backend Developer with Cloud experience,Accenture Romania,No office location,https://stackoverflow.com/jobs/534721
Senior Security Engineer,Open Systems AG,"Noida, India",https://stackoverflow.com/jobs/548050
Machine Learning Technical Lead - E-commerce Risk Management,ByteDance,Singapore,https://stackoverflow.com/jobs/525174
