Title,Company,Location,Link
Software Developer (Python),Picnic,"Amsterdam, Netherlands",https://stackoverflow.com/jobs/292346
Backend Engineering Manager (Python) - Spekit - High Growth Series A Startup,SpekitviaSource Coders,No office location,https://stackoverflow.com/jobs/566634
Python Developer suchen Kollegen (m/w/d),solute GmbH,"Karlsruhe, Deutschland",https://stackoverflow.com/jobs/284443
Python Software Engineer,Captivation Software,"Fort Meade, MD",https://stackoverflow.com/jobs/525426
Backend Software Engineer - Python,Hubs,"Amsterdam, Netherlands",https://stackoverflow.com/jobs/543394
Python Data Engineer,Tech City Labs,"Reading, UK",https://stackoverflow.com/jobs/566099
"Senior Software Engineer, Python",Chaturbate,"San Francisco, CA",https://stackoverflow.com/jobs/566183
Python Engineer,McD Tech Labs,"Mountain View, CA",https://stackoverflow.com/jobs/534766
Senior Backend Engineer (Python/Django) (m/f/d),Motius GmbH,"Belgrad, Serbien",https://stackoverflow.com/jobs/566601
Python/Django Developer (m/f/d),social sweethearts® GmbH,No office location,https://stackoverflow.com/jobs/566797
Fullstack Engineer II (Python/Django/React),StyleSeat,No office location,https://stackoverflow.com/jobs/554278
Python Entwickler*in Remote (f/m/d),Ambient,"Köln, Deutschland",https://stackoverflow.com/jobs/493874
Python Software Engineer - International growing scale-up!,Channable,"Utrecht, Netherlands",https://stackoverflow.com/jobs/265091
Python/Django Developer (m/f/d) - Remote,social sweethearts® GmbH,No office location,https://stackoverflow.com/jobs/566798
Python Engineer for Climate Change - Budapest,MSCI,"Budapest, Hungary",https://stackoverflow.com/jobs/566493
Python Developer (Remote),X-Team,No office location,https://stackoverflow.com/jobs/534454
"Tech Lead, Python Systems Engineering",McD Tech Labs,"Mountain View, CA",https://stackoverflow.com/jobs/523801
Python Developer (Remote),Finsera,No office location,https://stackoverflow.com/jobs/524065
Senior Software Developer Python (m/f/d),Ströer Online Marketing,"Hamburg, Deutschland",https://stackoverflow.com/jobs/462625
Sr. Full Stack Engineer- Python,AutoTrader,"Toronto, ON, Canada",https://stackoverflow.com/jobs/529021
Python Engineer,Intel Corporation,"Gdańsk, Poland",https://stackoverflow.com/jobs/529943
"Full Stack Developer - Python, Postgres, Vue.js / React (m/f/d)",JobNinja GmbH,"München, Deutschland",https://stackoverflow.com/jobs/566788
Python-Entwickler (w/m/d),parcIT GmbH,"Köln, Germany",https://stackoverflow.com/jobs/566326
"Data Engineer (Python, ETL)",Finsera,No office location,https://stackoverflow.com/jobs/536631
Software Engineer (Python AWS),Wizeline,"Phường 12 (Quận 10), Vietnam",https://stackoverflow.com/jobs/487852
C++/C Engineers required for leading Engineering company to work in Ireland.,"Arista Networks, Inc","Dublin 1, Ireland",https://stackoverflow.com/jobs/149576
Software Engineer (Python AWS),Wizeline,"Phường 12 (Quận 10), Vietnam",https://stackoverflow.com/jobs/487852
Full Stack Engineer (Mid-level - Python/JavaScript),Night Market,No office location,https://stackoverflow.com/jobs/566449
"Fullstack Software Entwickler - Python, .NET (m/w/d)",Comline Computer + Softwarelösungen SE,"Hamburg, Deutschland",https://stackoverflow.com/jobs/566662
"Senior IoT Software Engineer (M/W/D/) Python, C++",VISPIRON CHARGE-V GmbH,"München, Deutschland",https://stackoverflow.com/jobs/524044
Software Engineer - Machine Learning Team (Python/C++) (m/w/d),Volume Graphics GmbH,"Heidelberg, Deutschland",https://stackoverflow.com/jobs/550558
"Junior IoT Developer (M/W/D) Python, C++",VISPIRON CHARGE-V GmbH,"München, Deutschland",https://stackoverflow.com/jobs/548810
Senior Python Backend Engineer (Site Reliability Engineering) (f/m/d),Delivery Hero SE,"Berlin, Germany",https://stackoverflow.com/jobs/566684
"Python Developer, REMOTE",Pentalog,No office location,https://stackoverflow.com/jobs/566579
Software Engineer (Python Data Stack) (m/f/d),QuantCo,"Karlsruhe, Germany",https://stackoverflow.com/jobs/349976
"Senior Python Software Developer (m/f/d) @ our Partner ADSPERT (Berlin, remote)",solute GmbH,"Berlin, Deutschland",https://stackoverflow.com/jobs/547853
Lead Software Engineer - Python Focus Big Loop Systems (m/f/d),CARIAD,"Ingolstadt, Germany",https://stackoverflow.com/jobs/566377
"IoT / Java, Python Entwickler (w/m/d) - bundesweit & Homeoffice",objective partner AG,"Weinheim, Deutschland",https://stackoverflow.com/jobs/550882
"Senior Data Engineer (Python, Kafka, Airflow)",AMBOSS,"Berlin, Germany",https://stackoverflow.com/jobs/415218
"Insider Threat Engineer, Remote, Banking, Finance, Python, information security",MUFG,No office location,https://stackoverflow.com/jobs/566297
"Senior .Net Developer for ML, Computer Vision and Python Algorithm development",MapLarge,No office location,https://stackoverflow.com/jobs/165235
DevOps Engineer with interesting scale up challenges,Channable,"Utrecht, Netherlands",https://stackoverflow.com/jobs/500253
"Software Engineer, Backend",SmartNews,"Shibuya City, Japan",https://stackoverflow.com/jobs/208334
Backend Developer,Octopus Energy,"London, UK",https://stackoverflow.com/jobs/197943
"Software Engineer, Python&TypeScript",Chaturbate,No office location,https://stackoverflow.com/jobs/566212
Senior/Staff Software Engineer,Coda Payments,No office location,https://stackoverflow.com/jobs/566756
Senior Software Developer (Full Stack),Jewel Paymentech Pte Ltd,Singapore,https://stackoverflow.com/jobs/534474
Cloud Engineer - Remote/On-Site,eLearning Industry,"Athens, Greece",https://stackoverflow.com/jobs/566140
Software Engineer – Backend for FinTech Startup,Electrolux,"Stockholm, Sweden",https://stackoverflow.com/jobs/566720
"Frontend Software Engineer, Business Integrity",ByteDance,Singapore,https://stackoverflow.com/jobs/553035
C/C++ Developer - All Levels,"Cipher Tech Solutions, Inc","Vienna, VA",https://stackoverflow.com/jobs/566770
Backend Developer - APIs Team,Octopus Energy,"London, UK",https://stackoverflow.com/jobs/533658
Backend Engineer - all levels at sustainable start-up (m/f/x)-Munich or Remote,FINN,"München, Germany",https://stackoverflow.com/jobs/331741
Senior Software Engineer (Camera) - Cisco Meraki - Remote,Cisco MerakiviaSource Coders,No office location,https://stackoverflow.com/jobs/566793
"Full Stack Software Engineer, Business Integrity",ByteDance,Singapore,https://stackoverflow.com/jobs/553099
Software Developer Frontend / fullstack (all genders),meteocontrol GmbH,"Augsburg, Deutschland",https://stackoverflow.com/jobs/566507
Software Engineer - Backend (d/f/m),Stylight,"München, Deutschland",https://stackoverflow.com/jobs/566055
(Senior) Data Engineer (all genders),Elinvar GmbH,"Berlin, Germany",https://stackoverflow.com/jobs/566723
Django Engineer (m/f/d) for Germany's leading local marketing platform,RegioHelden GmbH,"Stuttgart, Germany",https://stackoverflow.com/jobs/566661
Full Stack Web Developer (m/w/d),solute GmbH,"Karlsruhe, Deutschland",https://stackoverflow.com/jobs/556141
Tech Lead Engineering at sustainable start-up (m/f/x) - Munich/Remote,FINN,"München, Germany",https://stackoverflow.com/jobs/541678
Women in Leadership Tech -all levels at sustainable start-up (f/x) Munich/Remote,FINN,"München, Germany",https://stackoverflow.com/jobs/566709
Full-Stack Software Engineer (C# + .NET 6 / React + Typescript) (f/m/d),HeidelbergCement AG,"Heidelberg, Deutschland",https://stackoverflow.com/jobs/559624
"Backend Software Engineer, Video Infrastructure",ByteDance,Singapore,https://stackoverflow.com/jobs/547751
"Full-Stack Developer, Research & Development",Houston Astros Baseball R&D,"Houston, TX",https://stackoverflow.com/jobs/536288
Remote Fullstack Entwicklerin (m/w/d),Ambient,"Köln, Deutschland",https://stackoverflow.com/jobs/552969
Senior Full Stack Software Engineer,kaliber.ai,No office location,https://stackoverflow.com/jobs/251476
Women in Tech - all levels at sustainable start-up (f/x) - Munich or Remote,FINN,No office location,https://stackoverflow.com/jobs/565648
Lead Full-Stack Software Engineer (Tech Lead) (f/m/d),HeidelbergCement AG,"Heidelberg, Deutschland",https://stackoverflow.com/jobs/557326
Software Engineer in Test,McD Tech Labs,"Mountain View, CA",https://stackoverflow.com/jobs/523806
"Backend Software Engineer, Customer Service Platform",ByteDance,Singapore,https://stackoverflow.com/jobs/529048
Software Engineer (Backend) (m/f/d),QuantCo,"Berlin, Germany",https://stackoverflow.com/jobs/409511
"Full-Stack Developer (JavaScript, Node.JS) - REMOTE",MUFG,No office location,https://stackoverflow.com/jobs/559442
Software Engineer (Monitoring System) - Working in Japan,LINE Fukuoka,"Fukuoka, Japan",https://stackoverflow.com/jobs/273841
Computer Vision Scientist (all genders),ImFusion GmbH,"Munich, Germany",https://stackoverflow.com/jobs/566753
Software Entwickler (m/w/d),NOVOMATIC AG,"Gumpoldskirchen, Österreich",https://stackoverflow.com/jobs/554829
"Backend Software Engineer, Business Integrity",ByteDance,Singapore,https://stackoverflow.com/jobs/553036
"Senior Software Developer, REMOTE",Pentalog,No office location,https://stackoverflow.com/jobs/566592
"Software Engineer, Platform Infrastructure",SmartNews,"Shibuya City, Japan",https://stackoverflow.com/jobs/448299
Computer Vision Scientist (all genders),ImFusion GmbH,"Munich, Germany",https://stackoverflow.com/jobs/566753
System Engineer (f/m/d) Kubernetes,ADITION technologies AG,"Freiburg im Breisgau, Deutschland",https://stackoverflow.com/jobs/525462
Software Engineer in Test,Esri,"Redlands, CA",https://stackoverflow.com/jobs/561053
(Senior) Data Scientist – Marketing & Product (all genders),Goodgame Studios,No office location,https://stackoverflow.com/jobs/566766
Software Engineer,SUSE,No office location,https://stackoverflow.com/jobs/514397
Control Software Designer C++,Topic Embedded Systems B.V.,"Best, Netherlands",https://stackoverflow.com/jobs/566736
"Full-Stack Developer (JavaScript, Node.JS) - REMOTE",MUFG,No office location,https://stackoverflow.com/jobs/566296
Full Stack Engineer Intern,Odoo,"Buffalo, NY",https://stackoverflow.com/jobs/566730
Backend Software Engineer - Trust and Safety Engineering,ByteDance,Singapore,https://stackoverflow.com/jobs/546396
Software Engineer,The Orchard,"London, UK",https://stackoverflow.com/jobs/543314
C++ Software Engineer - Amsterdam,IMC Trading,"Amsterdam, Netherlands",https://stackoverflow.com/jobs/126614
"Software Engineering, VP - New York, NY - Banking - Finance - JAVA - AWS - AZURE",MUFG,"New York, NY",https://stackoverflow.com/jobs/566312
"Lead Software Engineer, atma.io",atma.io,No office location,https://stackoverflow.com/jobs/566393
Software Engineer,Odoo,"Ciudad de México, Mexico",https://stackoverflow.com/jobs/472421
Staff Software Engineer C++ - Intelligent Data Aggregation (m/f/d),CARIAD,"Wolfsburg, Germany",https://stackoverflow.com/jobs/566379
"Softwarearchitekt Digitale Signalverarbeitung, Software Defined Radio (m/w/d)",Rheinmetall,"Bremen, Deutschland",https://stackoverflow.com/jobs/560043
Senior Software Engineer - tripleup.com,Triple for Numo,"Pittsburgh, PA",https://stackoverflow.com/jobs/545291
Staff Site Reliability Engineer,McD Tech Labs,"Mountain View, CA",https://stackoverflow.com/jobs/534770
Software Engineer Frontend/Fullstack - Media & Services Hub (m/f/d),HolidayCheck Group AG,"München, Deutschland",https://stackoverflow.com/jobs/559404
Software Architect Lead,WeLab Bank Limited,Hong Kong,https://stackoverflow.com/jobs/565713
(Senior) Backend Engineer (m/w/d) - Trufa,Deloitte Deutschland,"Düsseldorf, Deutschland",https://stackoverflow.com/jobs/545254
Remote Sr. Frontend Architect (React) - Spekit - High Growth Series B Startup,SpekitviaSource Coders,No office location,https://stackoverflow.com/jobs/566565
(Senior) Backend Engineer (m/w/d) - Trufa,Deloitte Deutschland,"Düsseldorf, Deutschland",https://stackoverflow.com/jobs/545254
Lead Data Scientist,Singapore Innovate Pte. Ltd,Singapore,https://stackoverflow.com/jobs/565885
Software Engineering Manager,iptiQ by Swiss Re,"Hoofddorp, Netherlands",https://stackoverflow.com/jobs/472051
Solutions Architect | Senior Consultant | DevOps | Remote,Copado Strategic Services,No office location,https://stackoverflow.com/jobs/517847
(Senior) Software Developer (m/w/d),Bundesdruckerei-Gruppe,"Berlin, Deutschland",https://stackoverflow.com/jobs/566743
"Backend Tech Lead, Customer Service Platform",ByteDance,Singapore,https://stackoverflow.com/jobs/546681
Software Engineer,Odoo,"San Francisco, CA",https://stackoverflow.com/jobs/472407
(Senior) Android Software Developer - Munich,Paradox Cat GmbH,"München, Deutschland",https://stackoverflow.com/jobs/181583
System Engineer (m/w/d) Kubernetes/OpenShift,German Edge Cloud GmbH & Co. KG,"Limburg an der Lahn, Deutschland",https://stackoverflow.com/jobs/539732
Software Engineer (m/w/d) Automation,H-TEC SYSTEMS GmbH,"Augsburg, Deutschland",https://stackoverflow.com/jobs/566540
Full Stack Engineer,Odoo,"San Francisco, CA",https://stackoverflow.com/jobs/524056
Software Design Engineer C#,Topic Embedded Systems B.V.,"Best, Netherlands",https://stackoverflow.com/jobs/566386
Cloud Engineer Linux,team.blue NL B.V.,"Rotterdam, Netherlands",https://stackoverflow.com/jobs/523426
Entwickler Embedded Software (m/w/d),IHSE GmbH,"Oberteuringen, Deutschland",https://stackoverflow.com/jobs/566700
Software Integration AI Engineer,Intel Corporation,"George Town, Malaysia",https://stackoverflow.com/jobs/552554
Technical Writer (m/f/x) - Munich or Remote,FINN,"München, Germany",https://stackoverflow.com/jobs/566504
(Senior) Backend Developer (f/m/d) Big Data,ADITION technologies AG,"Freiburg im Breisgau, Deutschland",https://stackoverflow.com/jobs/304655
Senior Software Engineer Fullstack Java (m/w/d),SCHUFA Holding AG,"Wiesbaden, Deutschland",https://stackoverflow.com/jobs/566435
"Staff Software Engineer, Applied AI",McD Tech Labs,"Mountain View, CA",https://stackoverflow.com/jobs/523807
Experienced Software Engineer,Outschool,No office location,https://stackoverflow.com/jobs/550915
"(Senior) Software Engineer, Embedded Systems (m/f/d)",tado GmbH,"München, Deutschland",https://stackoverflow.com/jobs/566734
Java Software Engineer,IMC Trading,"Amsterdam, Netherlands",https://stackoverflow.com/jobs/122570
Fullstack Developer (m/w/d),German Edge Cloud GmbH & Co. KG,"Limburg an der Lahn, Deutschland",https://stackoverflow.com/jobs/539736
Full Stack Engineer,Odoo,"Buffalo, NY",https://stackoverflow.com/jobs/558069
Senior Software Engineer,Stardog Union,No office location,https://stackoverflow.com/jobs/521448
"Staff Software Engineer, Applied AI",McD Tech Labs,"Mountain View, CA",https://stackoverflow.com/jobs/523807
Full Stack Engineer,Odoo,"Buffalo, NY",https://stackoverflow.com/jobs/558069
(Senior) Frontend Engineer (m/w/d) - Trufa,Deloitte Deutschland,"Düsseldorf, Deutschland",https://stackoverflow.com/jobs/533749
"Backend Tech Lead, Customer Service Platform",ByteDance,Singapore,https://stackoverflow.com/jobs/553813
Senior Software Developer Engineer in Test (SDET) - WithMe Health,WithMe HealthviaSource Coders,No office location,https://stackoverflow.com/jobs/566744
Werkstudent Software Engineering Data & ML (m/w/d),QuantCo,"Karlsruhe, Deutschland",https://stackoverflow.com/jobs/328986
"Testing Software Engineer, TikTok e-Commerce",ByteDance,Singapore,https://stackoverflow.com/jobs/533132
Software Engineer (m/w/d),Bühler Motor Aviation GmbH,"Uhldingen-Mühlhofen, Deutschland",https://stackoverflow.com/jobs/566574
"Senior Software Engineer, Trust, Education",Chan Zuckerberg Initiative,"Redwood City, CA",https://stackoverflow.com/jobs/537679
Embedded Software Engineer,Sonova AG,"Stäfa, Schweiz",https://stackoverflow.com/jobs/566268
Data Engineer for Insurtech Startup,iptiQ by Swiss Re,"Hoofddorp, Netherlands",https://stackoverflow.com/jobs/471200
Senior Software Engineer - Data Lake,Mimecast,"London, UK",https://stackoverflow.com/jobs/558739
*REMOTE* Lead (Senior) Kotlin & Java Engineer (m/f/x) High-Load Search-Engine,"AVANTGARDE - ""Creating Fans""",No office location,https://stackoverflow.com/jobs/529656
Software Entwickler*innen / Programmierer*innen,PNDetector GmbH,"München, Deutschland",https://stackoverflow.com/jobs/566513
Web-Developer-Backend (m/w/d) heise online,Heise Medien GmbH & Co. KG,"Hannover, Deutschland",https://stackoverflow.com/jobs/566792
Software Engineer - Networking Applications,Intel Corporation,"Bengaluru, India",https://stackoverflow.com/jobs/539242
Software Engineer (HVM),Intel Corporation,"Kulim, Malaysia",https://stackoverflow.com/jobs/538188
DevOps- Engineer (m/w/d),Volume Graphics GmbH,"Heidelberg, Deutschland",https://stackoverflow.com/jobs/545615
"Software Engineering, Analyst",MUFG,"Charlotte, NC",https://stackoverflow.com/jobs/559440
"Software Engineer Lead, Vice President - New York, NY - Banking - Financial",MUFG,"New York, NY",https://stackoverflow.com/jobs/566310
"Software Engineer, IoT Manufacturing (m/w/d)",tado GmbH,"München, Deutschland",https://stackoverflow.com/jobs/566735
Site Reliability Engineer,Zattoo,"Berlin, Germany",https://stackoverflow.com/jobs/565748
Site Reliability Engineer - Infrastructure Engineering,ByteDance,Singapore,https://stackoverflow.com/jobs/553810
(Senior) Data Visualisation Engineer (m/w/d),Bundesdruckerei-Gruppe,"Berlin, Deutschland",https://stackoverflow.com/jobs/566760
Associate Build Engineer - New Sci-Fi FPS IP,Creative Assembly,"Horsham, UK",https://stackoverflow.com/jobs/566796
Software Development Engineer in Test,Intel Corporation,"Bengaluru, India",https://stackoverflow.com/jobs/539336
"Senior Software Engineer, Trust, Education",Chan Zuckerberg Initiative,"Redwood City, CA",https://stackoverflow.com/jobs/537679
JR0178225 OpenIPC Senior Software Engineer,Intel Corporation,"Hillsboro, OR",https://stackoverflow.com/jobs/542196
Software Engineer Java (m/w/d),SCHUFA Holding AG,No office location,https://stackoverflow.com/jobs/566457
Software Defined Radio Developer,Captivation Software,"Aberdeen Proving Ground, MD",https://stackoverflow.com/jobs/316048
Full Stack Engineer,Zattoo,"Berlin, Germany",https://stackoverflow.com/jobs/565749
"Senior Software Engineer, Language",McD Tech Labs,"Mountain View, CA",https://stackoverflow.com/jobs/523798
(Senior) Software Engineer- ADAS &amp; AD (m/f/d),CARIAD,"Munich, Germany",https://stackoverflow.com/jobs/566563
Build/Release Engineer,Tausight,No office location,https://stackoverflow.com/jobs/556779
Software Developer (künstliche Intelligenz) - für E-Commerce Agentur in Bremen,hmmh multimediahaus AG,No office location,https://stackoverflow.com/jobs/529059
"Software Engineer, Infrastructure, Education",Chan Zuckerberg Initiative,"Redwood City, CA",https://stackoverflow.com/jobs/565977
Junior Backend Engineer (m/f/d),Relayr,"Katowice, Poland",https://stackoverflow.com/jobs/551592
Software Engineer - Networking Applications,Intel Corporation,"Bengaluru, India",https://stackoverflow.com/jobs/539242
"Software Engineer, IoT Manufacturing (m/w/d)",tado GmbH,"München, Deutschland",https://stackoverflow.com/jobs/566735
Data Engineer,McD Tech Labs,"Mountain View, CA",https://stackoverflow.com/jobs/523793
Senior Software Engineer - Material Analysis Team (C++) (m/w/d),Volume Graphics GmbH,"Heidelberg, Deutschland",https://stackoverflow.com/jobs/163095
"Senior Software Engineer, Data Services",Avature,"Herndon, VA",https://stackoverflow.com/jobs/566664
R&D Full Stack Software Engineer (Experienced),Sandia National Laboratories,"Albuquerque, NM",https://stackoverflow.com/jobs/566344
Senior Software Engineer (Java) – Analytics & Data Infrastructure Team,Mimecast,"London, UK",https://stackoverflow.com/jobs/558740
Senior Backend Engineer,Singapore Innovate Pte. Ltd,Singapore,https://stackoverflow.com/jobs/561308
Software Validation Engineer,Intel Corporation,"Gdańsk, Poland",https://stackoverflow.com/jobs/529939
Senior Data Engineer (Fully Remote),Call Simulator,"Tallahassee, FL",https://stackoverflow.com/jobs/566182
Staff Software Engineer – GPU-Computing Machine Learning (m/f/d),CARIAD,"Wolfsburg, Germany",https://stackoverflow.com/jobs/566378
Cloud Software Performance Engineer,Intel Corporation,"Hillsboro, OR",https://stackoverflow.com/jobs/528554
Frontend Engineer (m/w/d),QuantCo,"Karlsruhe, Deutschland",https://stackoverflow.com/jobs/553014
Software Engineer,MUFG,"Charlotte, NC",https://stackoverflow.com/jobs/559421
"Software Engineer (Product Infrastructure), TikTok e-Commerce",ByteDance,Singapore,https://stackoverflow.com/jobs/533135
Process Engineering Graduate Intern,Intel Corporation,"Albuquerque, NM",https://stackoverflow.com/jobs/531834
Software Test Automation Specialist (m/w/x),ZEISS Group,"München, Deutschland",https://stackoverflow.com/jobs/541069
Wireless Communication Engineer - Working Student (m/f/d),Motius GmbH,"München, Deutschland",https://stackoverflow.com/jobs/566740
Research Scientist with focus on Interventional Ultrasound (f/m/x),ImFusion GmbH,"München, Deutschland",https://stackoverflow.com/jobs/562664
Process Engineering Graduate Intern,Intel Corporation,"Albuquerque, NM",https://stackoverflow.com/jobs/531835
Senior Data Engineer - Recommendations (f/m/d),Delivery Hero SE,"Berlin, Germany",https://stackoverflow.com/jobs/565991
Software Engineer - Silicon Product Design,Intel Corporation,"Hillsboro, OR",https://stackoverflow.com/jobs/530198
Application Support Engineer,Derivco.,"Málaga, Spain",https://stackoverflow.com/jobs/565319
Senior Data Engineer,Blinks Labs GmbH,"Berlin, Germany",https://stackoverflow.com/jobs/566660
Site Reliability Engineer,Flow Traders,"Amsterdam, Netherlands",https://stackoverflow.com/jobs/381007
Application Developer/Anwendungsentwickler (m/w/d),Element Six GmbH,"Burghaun, Deutschland",https://stackoverflow.com/jobs/566639
Cloud Software Engineer,Intel Corporation,"Guadalajara, Mexico",https://stackoverflow.com/jobs/536886
"Algorithm Engineer, Enterprise Partnership & Solutions",ByteDance,Singapore,https://stackoverflow.com/jobs/523517
"Data Scientist, Machine Learning Evaluation",McD Tech Labs,"Mountain View, CA",https://stackoverflow.com/jobs/523805
Softwareentwickler* HiL und Prüfstände,EDAG Group,"Ingolstadt, Deutschland",https://stackoverflow.com/jobs/566456
Firmware Engineer (m/w/d),RUAG Defence Deutschland GmbH,"Wedel, Deutschland",https://stackoverflow.com/jobs/566556
DevOps Engineer @ Nozomi Networks,Nozomi Networks,"Mendrisio, Switzerland",https://stackoverflow.com/jobs/555314
Senior ML Engineer,Amaris.AI,Singapore,https://stackoverflow.com/jobs/533811
Software Designer,Topic Embedded Systems B.V.,"Best, Netherlands",https://stackoverflow.com/jobs/566186
Cloud Architect (m/w/d),dx.one GmbH,"Berlin, Deutschland",https://stackoverflow.com/jobs/566729
Data Engineer (Remote),X-Team,No office location,https://stackoverflow.com/jobs/534443
Sr. Data Pipeline Engineer - Top Wellness Marketplace Platform,StyleSeat,No office location,https://stackoverflow.com/jobs/525037
Site Reliability Engineer- ArcGIS Online,Esri,"Redlands, CA",https://stackoverflow.com/jobs/552702
Senior ML Engineer,Amaris.AI,Singapore,https://stackoverflow.com/jobs/533811
Software Designer,Topic Embedded Systems B.V.,"Best, Netherlands",https://stackoverflow.com/jobs/566186
Cloud Architect (m/w/d),dx.one GmbH,"Berlin, Deutschland",https://stackoverflow.com/jobs/566729
Software-Entwickler Excel-Datenschnittstellen und Reports (m/w/d),PSI Software AG Geschäftsbereich PSI Gasnetze und Pipelines,"Berlin, Deutschland",https://stackoverflow.com/jobs/566502
Data Engineer (m/w/d),ARD-Programmdirektion,"München, Deutschland",https://stackoverflow.com/jobs/566568
Software Engineer - Robotics (m/f/d),Motius GmbH,"München, Deutschland",https://stackoverflow.com/jobs/545488
Data Engineer – Data Warehouse,Shopee Singapore Private Limited,Singapore,https://stackoverflow.com/jobs/565914
Senior React Developer | Contractor | Remote,Copado Strategic Services,No office location,https://stackoverflow.com/jobs/545086
Cloud Software Developer,Intel Corporation,"Guadalajara, Mexico",https://stackoverflow.com/jobs/557644
Cloud Software Engineer,Intel Corporation,"Gdańsk, Poland",https://stackoverflow.com/jobs/529942
"Senior Software Engineer, Embedded Systems (m/f/d)",tado GmbH,No office location,https://stackoverflow.com/jobs/566398
Intermediate Observability Engineer,Derivco.,"Umhlanga, South Africa",https://stackoverflow.com/jobs/528647
Test Process and Module Engineer (Platform),Intel Corporation,"George Town, Malaysia",https://stackoverflow.com/jobs/552555
Consultant (m/w/d)/ Developer (m/w/d) Robotic Process Automation (RPA),STAR COOPERATION GmbH,"Böblingen, Deutschland",https://stackoverflow.com/jobs/566512
DevOps Engineer,Picnic,"Amsterdam, Netherlands",https://stackoverflow.com/jobs/166839
Data Engineer,Coda Payments,No office location,https://stackoverflow.com/jobs/557317
Remote Sr. or Lead Site Reliability Engineer (Developer Tools) - Cisco Meraki,Cisco MerakiviaSource Coders,No office location,https://stackoverflow.com/jobs/566776
Senior Software Engineer,Intel Corporation,"Bengaluru, India",https://stackoverflow.com/jobs/539300
Senior Data Engineer,Lobster Ink Technologies,"Amsterdam, Netherlands",https://stackoverflow.com/jobs/566626
Softwareentwickler*in IDA/Big Data,Atruvia AG,"Karlsruhe, Deutschland",https://stackoverflow.com/jobs/566537
Entwickler FPGA Firmware (m/w/d),IHSE GmbH,"Oberteuringen, Deutschland",https://stackoverflow.com/jobs/566699
Devops Engineer - Infrastructure Engineering,ByteDance,Singapore,https://stackoverflow.com/jobs/553812
Java Entwickler (m/w/d),STAR COOPERATION GmbH,"Böblingen, Deutschland",https://stackoverflow.com/jobs/566498
Senior Software Engineer,Administrate,No office location,https://stackoverflow.com/jobs/522940
Senior Data Engineer E-Commerce (m/w/d),Peek & Cloppenburg,"Düsseldorf, Germany",https://stackoverflow.com/jobs/565672
Senior DevOps Engineer,Self Decode,No office location,https://stackoverflow.com/jobs/566351
DevOps Engineer,Picnic,"Amsterdam, Netherlands",https://stackoverflow.com/jobs/166839
Cloud Solutions Architect for Climate Change - Zurich,MSCI,"Zürich, Switzerland",https://stackoverflow.com/jobs/566491
Data Engineer,Hubs,"Amsterdam, Netherlands",https://stackoverflow.com/jobs/558873
"Site Reliability Engineer, Recommendation Architecture",ByteDance,Singapore,https://stackoverflow.com/jobs/553104
Embedded Software Development Engineer,Baker Hughes,"Groby, UK",https://stackoverflow.com/jobs/560598
Softwareentwickler*in IDA/Big Data,Atruvia AG,"Karlsruhe, Deutschland",https://stackoverflow.com/jobs/566537
Ethernet Technologies RDMA Software Applications Engineer,Intel Corporation,"Austin, TX",https://stackoverflow.com/jobs/530201
Java Entwickler (m/w/d),STAR COOPERATION GmbH,"Böblingen, Deutschland",https://stackoverflow.com/jobs/566498
Network Software Engineer,Intel Corporation,"Austin, TX",https://stackoverflow.com/jobs/530203
Staff Machine Learning Engineer - Computer Vision (m/f/d),CARIAD,"Wolfsburg, Germany",https://stackoverflow.com/jobs/566380
Junior Systems Engineer – Entwicklung und Test vernetzter Funktionen,IAV GmbH,"Gaimersheim, Deutschland",https://stackoverflow.com/jobs/566464
"Senior Data Engineer, Education",Chan Zuckerberg Initiative,"Redwood City, CA",https://stackoverflow.com/jobs/565328
"Software Engineering, AVP - Hybrid, Charlotte, NC, CI/CD principle, Atlassian",MUFG,"Charlotte, NC",https://stackoverflow.com/jobs/566302
Software Development Engineer in Test,"ESO Solutions, Inc.","Belfast, UK",https://stackoverflow.com/jobs/528503
"Tech Lead, Machine Learning Evaluation",McD Tech Labs,"Mountain View, CA",https://stackoverflow.com/jobs/523812
Senior Software Engineer,Administrate,"Edinburgh, UK",https://stackoverflow.com/jobs/522939
Machine Learning Engineer,Relay42,"Amsterdam, Netherlands",https://stackoverflow.com/jobs/469169
DevOps Manager/Architect,Self Decode,No office location,https://stackoverflow.com/jobs/557000
"Systems Engineering, Analyst",MUFG,"Charlotte, NC",https://stackoverflow.com/jobs/559441
Senior Cloud Security Engineer,MUFG,"Charlotte, NC",https://stackoverflow.com/jobs/559434
Automotive Security Engineer (m/w/d),Method Park,"Erlangen, Deutschland",https://stackoverflow.com/jobs/558406
Machine Learning Engineer (m/f/x),ING Deutschland,"Frankfurt am Main, Deutschland",https://stackoverflow.com/jobs/565982
Software Engineering Manager (f/m/d),Delivery Hero SE,"Berlin, Germany",https://stackoverflow.com/jobs/566668
Product Engineer I - Real Time & Big Data,Esri,"Redlands, CA",https://stackoverflow.com/jobs/566044
Informatiker*in für den Bereich Verkehrsmesstechnik,VITRONIC Dr.-Ing. Stein Bildverarbeitungssysteme GmbH,"Wiesbaden, Deutschland",https://stackoverflow.com/jobs/566725
Software Engineering Manager (f/m/d),Delivery Hero SE,"Berlin, Germany",https://stackoverflow.com/jobs/566668
"DevOps Engineer, Cloud Data Warehouse",ByteDance,Singapore,https://stackoverflow.com/jobs/550284
(Senior) DevOps Engineer (m/f/d),ABOUT YOU SE & Co. KG,"Hamburg, Deutschland",https://stackoverflow.com/jobs/376895
IT Security Network Engineer (m/w/d) Web Application Firewalls,Bundesdruckerei-Gruppe,"Berlin, Deutschland",https://stackoverflow.com/jobs/566781
Ethernet Technologies Software Applications Engineer - DPDK,Intel Corporation,"Hillsboro, OR",https://stackoverflow.com/jobs/530199
Cloud Native Senior Software Engineer,Intel Corporation,"Dublin, Ireland",https://stackoverflow.com/jobs/548771
DevOps Cloud Engineer (Kubernetes) - Remote,IG Group,No office location,https://stackoverflow.com/jobs/532885
(Junior) Consultant (m/w/d) - IT Implementierungsspezialist / Global Employer Se,Deloitte Deutschland,"Düsseldorf, Deutschland",https://stackoverflow.com/jobs/556992
Senior Data Engineer - Ad Tech (f/m/d),Delivery Hero SE,"Berlin, Germany",https://stackoverflow.com/jobs/566539
Full Stack Developer,BOTS by RevenYOU,"Haarlem, Netherlands",https://stackoverflow.com/jobs/533368
"Mathematiker, Physiker, Ing. Luft- und Raumfahrttech., Maschinenbau o.ä. (w/m/d)",Deutsches Zentrum für Luft- und Raumfahrt e. V. (DLR),"Göttingen, Deutschland",https://stackoverflow.com/jobs/566144
Systems Engineer – Entwicklung und Test vernetzter Funktionen,IAV GmbH,"Gaimersheim, Deutschland",https://stackoverflow.com/jobs/566463
DevSecOps Consultant,Ensign InfoSecurity (Cybersecurity) Pte Ltd,Singapore,https://stackoverflow.com/jobs/534274
"Tech Lead Engineering Manager, Business Integrity",ByteDance,Singapore,https://stackoverflow.com/jobs/553100
DevOps Developer,ECi Software Solutions,No office location,https://stackoverflow.com/jobs/566558
Bioinformatician,Choose Your Challenge - Data Careers at Boehringer Ingelheim,"Biberach, Germany",https://stackoverflow.com/jobs/566555
"Lead, Automation Engineer",Revance,"Pleasanton, CA",https://stackoverflow.com/jobs/566559
Senior Data Scientist,Choose Your Challenge - Data Careers at Boehringer Ingelheim,"Ingelheim am Rhein, Germany",https://stackoverflow.com/jobs/566536
IT System Engineer (m/w/d),SoSafe GmbH,"Köln, Deutschland",https://stackoverflow.com/jobs/566490
Data Engineer,CGI Suomi,"Helsinki, Finland",https://stackoverflow.com/jobs/559232
"Senior Support Engineer, atma.io",atma.io,"Zagreb, Croatia",https://stackoverflow.com/jobs/566442
DevOps Engineer (m/f/x),Worldline Germany GmbH,"Aachen, Deutschland",https://stackoverflow.com/jobs/566649
"Tech Lead, Data Infrastructure",McD Tech Labs,"Mountain View, CA",https://stackoverflow.com/jobs/523800
Senior DevOps Engineer,Zenjob,"Berlin, Germany",https://stackoverflow.com/jobs/552356
Graphics Software Engineer,Intel Corporation,"Shanghai, China",https://stackoverflow.com/jobs/543846
"Senior Developer (React, Node.js) (m/f/d)",Ziegert EverEstate GmbH,"Berlin, Deutschland",https://stackoverflow.com/jobs/394267
"Product Manager, Data & Analytics Solutions (Campus)",Azendian Solutions Pte. Ltd.,Singapore,https://stackoverflow.com/jobs/565767
DevOps Engineer  (Jede*r),tarent solutions GmbH,No office location,https://stackoverflow.com/jobs/555101
Software Engineering Manager (f/m/d),Delivery Hero SE,"Berlin, Germany",https://stackoverflow.com/jobs/566668
Senior Client Side Developer (m/w/d),Basler AG,"Hamburg, Deutschland",https://stackoverflow.com/jobs/566446
"Senior Support Engineer, atma.io",atma.io,"Zagreb, Croatia",https://stackoverflow.com/jobs/566442
DevOps Engineer (m/f/x),Worldline Germany GmbH,"Aachen, Deutschland",https://stackoverflow.com/jobs/566649
Senior DevOps Engineer (Nordic or Germany),Nets Group,"Helsingfors, Finland",https://stackoverflow.com/jobs/565836
Senior SRE / DevOps Engineer (m/f/d),CARIAD,"Wolfsburg, Germany",https://stackoverflow.com/jobs/561427
Data Engineer (m/w/d) | The Garage,Deloitte Deutschland,"Düsseldorf, Deutschland",https://stackoverflow.com/jobs/545256
DevOps Cloud Engineer (Kubernetes) - Remote,IG Group,No office location,https://stackoverflow.com/jobs/532885
Systems Engineer – Entwicklung und Test vernetzter Funktionen,IAV GmbH,"Gaimersheim, Deutschland",https://stackoverflow.com/jobs/566463
Ecosystems Software Engineer,Intel Corporation,"George Town, Malaysia",https://stackoverflow.com/jobs/552553
Deep Learning System Frameworks Engineer,Intel Corporation,"Shanghai, China",https://stackoverflow.com/jobs/543845
"Tech Lead Engineering Manager, Business Integrity",ByteDance,Singapore,https://stackoverflow.com/jobs/553100
Experienced Data Engineer,Accenture Romania,"Bucharest, Romania",https://stackoverflow.com/jobs/525561
Sr. DevOps Enigneer,StyleSeat,No office location,https://stackoverflow.com/jobs/566703
Data Scientist (d/m/w),DEVK Versicherungen,"Köln, Deutschland",https://stackoverflow.com/jobs/533653
Solution Engineer (m/w/d) - Cloud AWS,Deloitte Deutschland,"Düsseldorf, Deutschland",https://stackoverflow.com/jobs/533754
DevOps Developer,ECi Software Solutions,No office location,https://stackoverflow.com/jobs/566558
Software Engineering Manager,Intel Corporation,"Bengaluru, India",https://stackoverflow.com/jobs/539256
Consultant (m/w/d) - Digital Forensics/Cyber Forensics,Deloitte Deutschland,"Düsseldorf, Germany",https://stackoverflow.com/jobs/566199
"Experienced DevOps Consultant, GitLab/GitHub",Eficode Finland,"Helsinki, Finland",https://stackoverflow.com/jobs/559636
Senior Information Security Engineer,Higher Logic,No office location,https://stackoverflow.com/jobs/566768
DevOps Developer,ECi Software Solutions,No office location,https://stackoverflow.com/jobs/566558
Consultant (m/w/d) - Digital Forensics/Cyber Forensics,Deloitte Deutschland,"Düsseldorf, Germany",https://stackoverflow.com/jobs/566199
Manager - Data Reliability Engineer,McDonald's Corporation,"Chicago, IL",https://stackoverflow.com/jobs/556557
"Experienced DevOps Consultant, GitLab/GitHub",Eficode Finland,"Helsinki, Finland",https://stackoverflow.com/jobs/559636
Security Engineer,Outschool,No office location,https://stackoverflow.com/jobs/566357
Senior Fullstack Engineer,AMBOSS,"Berlin, Germany",https://stackoverflow.com/jobs/557771
Open Source Software Lead (Cloud Native),Intel Corporation,"Dublin, Ireland",https://stackoverflow.com/jobs/553034
Senior DevSecOps Engineer - REMOTE,MUFG,No office location,https://stackoverflow.com/jobs/559426
Senior Infra and DevSecOps Engineer,Amaris.AI,Singapore,https://stackoverflow.com/jobs/533810
Lead Data & Integration Engineer (HProduce) (f/m/d),HeidelbergCement AG,"Heidelberg, Deutschland",https://stackoverflow.com/jobs/537895
Software Engineer,Intel Corporation,"Shanghai, China",https://stackoverflow.com/jobs/540589
SRE Lead,Electrolux,"Stockholm, Sweden",https://stackoverflow.com/jobs/559156
Senior DevSecOps Engineer - REMOTE,MUFG,No office location,https://stackoverflow.com/jobs/559433
Senior Solution Engineer (m/w/d) - Cloud Azure Expert,Deloitte Deutschland,"Düsseldorf, Deutschland",https://stackoverflow.com/jobs/533755
Senior Cloud Software Engineer,Intel Corporation,"Shanghai, China",https://stackoverflow.com/jobs/540182
Frontend Developer,Octopus Energy,"London, UK",https://stackoverflow.com/jobs/533659
Software Engineer,Intel Corporation,"Hillsboro, OR",https://stackoverflow.com/jobs/530206
Software Engineer,Intel Corporation,"Hillsboro, OR",https://stackoverflow.com/jobs/530570
Site Reliability Engineer III,"Wikimedia Foundation, Inc.",No office location,https://stackoverflow.com/jobs/566260
Graphics SRIOV Virtualization Developer,Intel Corporation,"Bengaluru, India",https://stackoverflow.com/jobs/539293
Senior DevOps Engineer,AIR MILES,"Toronto, ON, Canada",https://stackoverflow.com/jobs/539243
Staff Site Reliability Engineer (Traffic),"Wikimedia Foundation, Inc.",No office location,https://stackoverflow.com/jobs/566247
Senior iOS engineer - ux + video,SmileDirectClub,No office location,https://stackoverflow.com/jobs/546573
Data Analytics Strategist – HConnect (f/m/d),HeidelbergCement AG,"Heidelberg, Deutschland",https://stackoverflow.com/jobs/546689
Senior DevOps Engineer,Higher Logic,"Arlington, VA",https://stackoverflow.com/jobs/529128
Software Engineer,Intel Corporation,"Hillsboro, OR",https://stackoverflow.com/jobs/530570
Site Reliability Engineer III,"Wikimedia Foundation, Inc.",No office location,https://stackoverflow.com/jobs/566260
LEAD INSTRUCTOR - DATA SCIENCE [full time | hybrid],WBS Gruppe,No office location,https://stackoverflow.com/jobs/529936
Graphics SRIOV Virtualization Developer,Intel Corporation,"Bengaluru, India",https://stackoverflow.com/jobs/539293
Information Security Manager (m/w/d),ABOUT YOU SE & Co. KG,"Hamburg, Deutschland",https://stackoverflow.com/jobs/566395
Software Engineer (Network Software),SpaceX,"Hawthorne, CA",https://stackoverflow.com/jobs/562442
"Director, Shipping Science",eBay,"Bellevue, WA",https://stackoverflow.com/jobs/565970
Platform Engineer,SUSE,No office location,https://stackoverflow.com/jobs/555636
Senior DevOps Engineer,Higher Logic,No office location,https://stackoverflow.com/jobs/566769
Sr. Signal Integrity Engineer,Intel Corporation,"Shanghai, China",https://stackoverflow.com/jobs/543848
"Report Automation Lead - Jersey City, NJ - Bachelors - Leadership",MUFG,"Jersey City, NJ",https://stackoverflow.com/jobs/566311
Software Engineer,Intel Corporation,"Hillsboro, OR",https://stackoverflow.com/jobs/530205
Senior DevOps Platform Engineer,Blinks Labs GmbH,"Berlin, Germany",https://stackoverflow.com/jobs/565687
Solution Engineer (m/w/d) - Cloud Azure,Deloitte Deutschland,"Düsseldorf, Deutschland",https://stackoverflow.com/jobs/533750
Lead Tech SEO Manager (d/f/m),Stylight,"München, Deutschland",https://stackoverflow.com/jobs/566291
Technical Specialist - System Services,Derivco.,"Umhlanga, South Africa",https://stackoverflow.com/jobs/528648
Edge AI Deep Learning Validation Engineer,Intel Corporation,"Bengaluru, India",https://stackoverflow.com/jobs/539297
"Site Reliability Engineer, Kubernetes",camunda,No office location,https://stackoverflow.com/jobs/550386
(Junior) Softwareentwickler - Java / Golang / Cloud - (w/m/d),GoCaspi GmbH,No office location,https://stackoverflow.com/jobs/566363
DevOps Engineer (m/w/d) | The Garage,Deloitte Deutschland,"Düsseldorf, Deutschland",https://stackoverflow.com/jobs/545252
"Informatiker/in, Ingenieur/in, Physiker/in, Mathematiker/in o. ä. (w/m/d)",Deutsches Zentrum für Luft- und Raumfahrt e. V. (DLR),"Darmstadt, Deutschland",https://stackoverflow.com/jobs/566125
Cloud Software Engineer,Intel Corporation,"Hillsboro, OR",https://stackoverflow.com/jobs/530195
Senior Software Engineer (Java)- Database Services,Mimecast,"London, UK",https://stackoverflow.com/jobs/558741
Data Engineer,"Betterup, Inc.",No office location,https://stackoverflow.com/jobs/523557
Senior DevOps Engineer,Higher Logic,"Arlington, VA",https://stackoverflow.com/jobs/529128
"Director, Shipping Science",eBay,"Bellevue, WA",https://stackoverflow.com/jobs/565970
Data Engineer,"Betterup, Inc.",No office location,https://stackoverflow.com/jobs/523557
DevOps Engineer (m/w/d) | The Garage,Deloitte Deutschland,"Düsseldorf, Deutschland",https://stackoverflow.com/jobs/545252
Data Platform Architect,Octopus Energy,"London, UK",https://stackoverflow.com/jobs/541302
"CBT Infrastructure AVP, Tempe, AZ, AWS, Linux, project management, scripting",MUFG,"Tempe, AZ",https://stackoverflow.com/jobs/566299
"Report Automation Lead - Jersey City, NJ - Bachelors - Leadership",MUFG,"Jersey City, NJ",https://stackoverflow.com/jobs/566311
Machine Learning Engineer,"Betterup, Inc.",No office location,https://stackoverflow.com/jobs/523562
Data Scientist,AutoTrader,"Toronto, ON, Canada",https://stackoverflow.com/jobs/529015
Senior Cloud Software Services Architect,Intel Corporation,"Hillsboro, OR",https://stackoverflow.com/jobs/530190
"Sr. Software Engineer, Machine Learning Infrastructure",Chan Zuckerberg Initiative,"Redwood City, CA",https://stackoverflow.com/jobs/565330
Ethernet Manageability Applications Engineer,Intel Corporation,"Austin, TX",https://stackoverflow.com/jobs/530200
Lead DevOps / SRE Engineer (f/m/d),HeidelbergCement AG,"Heidelberg, Deutschland",https://stackoverflow.com/jobs/555118
Cloud Infrastructure Engineer,Relay42,"Amsterdam, Netherlands",https://stackoverflow.com/jobs/407421
Hyperscale Cloud Developer Advocate,Intel Corporation,"Hillsboro, OR",https://stackoverflow.com/jobs/528557
Senior DevOps Engineer - Data Operations,"Sailpoint Technologies, Inc.",No office location,https://stackoverflow.com/jobs/557351
DevOps Engineer - High Performance Computing (Mid-Career),Sandia National Laboratories,"Albuquerque, NM",https://stackoverflow.com/jobs/566341
AI Solutions Architect,Intel Corporation,"Bengaluru, India",https://stackoverflow.com/jobs/539246
"Sr. Capacity and Performance Engineer - remote, financial services industry",MUFG,No office location,https://stackoverflow.com/jobs/566300
Senior Solutions Architect/Data Architect,Intel Corporation,"Hillsboro, OR",https://stackoverflow.com/jobs/530028
Cloud Engineer,Olo,No office location,https://stackoverflow.com/jobs/516558
Senior Security Engineer - REMOTE,MUFG,No office location,https://stackoverflow.com/jobs/559444
"Cloud Engineer, AVP -Remote",MUFG,No office location,https://stackoverflow.com/jobs/559428
"Software Engineering Manager, Seattle WA",MSCI,"Seattle, WA",https://stackoverflow.com/jobs/565855
Computer Scientist - Development Programs - Entry/ Mid-Level,National Security Agency,"Fort Meade, MD",https://stackoverflow.com/jobs/565896
"Interview Engineer (Remote, Australia)",Karat.com,No office location,https://stackoverflow.com/jobs/565625
Software Engineers,Lightmatter,No office location,https://stackoverflow.com/jobs/565756
Software Engineering Manager,Coda Payments,No office location,https://stackoverflow.com/jobs/566755
Join our Tech Community as Working Student (m/f/d),Motius GmbH,"München, Deutschland",https://stackoverflow.com/jobs/566670
Head of Engineering (m/f/d),VEACT GmbH,"München, Deutschland",https://stackoverflow.com/jobs/538334
Senior Software Engineers,Lightmatter,No office location,https://stackoverflow.com/jobs/523002
Senior Backend Developer (f/m/d),HOMELIKE INTERNET GmbH,"Köln, Deutschland",https://stackoverflow.com/jobs/522556
Senior Software Engineer – Container Ecosystem,SUSE,No office location,https://stackoverflow.com/jobs/554241
Senior Front-End Developer,kaliber.ai,No office location,https://stackoverflow.com/jobs/565929
Junior Software Engineer im Firmenübergreifenden Trainee-Programm (100%),M&F Engineering AG,"Weiningen, Schweiz",https://stackoverflow.com/jobs/233263
"Software Engineering Manager - Selection Domain, Core Order (w/m/d)",Delivery Hero SE,"Berlin, Germany",https://stackoverflow.com/jobs/562276
Platform Engineer,Octopus Energy,"Houston, TX",https://stackoverflow.com/jobs/531787
Senior DevOps Engineer (Cloud Solutions),Coda Payments,No office location,https://stackoverflow.com/jobs/565675
Engineering Manager,AMBOSS,"Berlin, Germany",https://stackoverflow.com/jobs/524863
Sr. Software Engineer,SpaceX,"Hawthorne, CA",https://stackoverflow.com/jobs/562441
Principal Java Engineer,Picnic,"Amsterdam, Netherlands",https://stackoverflow.com/jobs/559762
DevOps Engineer (w/m/d) - bundesweit & Homeoffice,objective partner AG,"Weinheim, Deutschland",https://stackoverflow.com/jobs/550881
Engineering Technical Recruiter,QuantCo,"Berlin, Deutschland",https://stackoverflow.com/jobs/553016
"Interview Engineer (Remote, United Kingdom)",Karat.com,No office location,https://stackoverflow.com/jobs/565630
"Interview Engineer (Remote, Canada)",Karat.com,No office location,https://stackoverflow.com/jobs/565626
Data Corn (m/w/d),Breuninger GmbH & Co.,"Stuttgart, Deutschland",https://stackoverflow.com/jobs/432950
Research Scientist,"Edgestream Partners, L.P.","Princeton, NJ",https://stackoverflow.com/jobs/518607
Lead AI Engineer,Singapore Innovate Pte. Ltd,Singapore,https://stackoverflow.com/jobs/560743
"Interview Engineer (Remote, Germany)",Karat.com,No office location,https://stackoverflow.com/jobs/565627
"Interview Engineer (Remote, South Africa)",Karat.com,No office location,https://stackoverflow.com/jobs/565624
"Interview Engineer (Remote, Mexico)",Karat.com,No office location,https://stackoverflow.com/jobs/565629
"Interview Engineer (Remote, Israel)",Karat.com,No office location,https://stackoverflow.com/jobs/565628
"Tech Lead Engineering Manager, Trust and Safety Engineering",ByteDance,Singapore,https://stackoverflow.com/jobs/546397
Backend Developer with Cloud experience,Accenture Romania,No office location,https://stackoverflow.com/jobs/534721
Machine Learning Technical Lead - E-commerce Risk Management,ByteDance,Singapore,https://stackoverflow.com/jobs/525174
Backend Python engineer for medical software,Icentia,"Quebec City, QC",https://ca.indeed.com/viewjob?jk=d49ba3b8794729e8&q=Python
Pipeline developer,Prevu3d,"Montréal, QC",https://ca.indeed.com/viewjob?jk=c963e4555e45500d&q=Python
Web developer,Technip Solutions Inc.,"Mississauga, ON",https://ca.indeed.com/viewjob?jk=3838103aab53fbde&q=Python
Sr. Risk Analyst,Dapper Labs,Remote,https://ca.indeed.com/viewjob?jk=5da9259a66689755&q=Python
Python/Cloud Servers Developer,Paradox Security Systems,"Temporarily Remote in Saint-Eustache, QC",https://ca.indeed.com/viewjob?jk=460b61b2ceca0559&q=Python
Analyste-programmeur Python et Javascript - 335108,Procom,"Montréal, QC",https://ca.indeed.com/viewjob?jk=da3c94f42ecda811&q=Python
DEVOPS ENGINEER,Scrawlr Development Inc.,"Vancouver, BC",https://ca.indeed.com/viewjob?jk=92bc1e73f908bc81&q=Python
Business Analyst,Covers,"Remote in Halifax, NS",https://ca.indeed.com/viewjob?jk=b7c14412c0c98c28&q=Python
"Engineering Manager, Backend (Compute)",Affirm,"Remote in Toronto, ON",https://ca.indeed.com/viewjob?jk=b05ae40ddbd5a56c&q=Python
Quality Assurance Analyst (Remote),Cayenta,Remote in British Columbia,https://ca.indeed.com/viewjob?jk=42f58fbd94c985a1&q=Python
Stagiaire Développeur.se de Simulation 3D (Été 2022),Vention,"Montréal, QC",https://ca.indeed.com/viewjob?jk=34b0d388cbe9538f&q=Python
Junior Frontend Software Developer,Bruker,Remote in Canada,https://ca.indeed.com/viewjob?jk=d8c2b55c6f339951&q=Python
Python / SQL Developer,CGI,"Halifax, NS",https://ca.indeed.com/viewjob?jk=c87b802060413bfa&q=Python
Pyspark Engineer,Cognizant,"Mississauga, ON",https://ca.indeed.com/viewjob?jk=c69bec64644fa4f2&q=Python
Intermediate to Senior Embedded Design Engineer,Cortex Design Inc.,"Temporarily Remote in Toronto, ON",https://ca.indeed.com/viewjob?jk=b60a1c16e38e7e38&q=Python
Data Engineering Manager,Relogix,"Toronto, ON",https://ca.indeed.com/viewjob?jk=37eea27d51f4c6f2&q=Python
QA Engineer,Veeva Systems,"Remote in Toronto, ON",https://ca.indeed.com/viewjob?jk=b50de5a478d8b70b&q=Python
Windows System Administrator,CGI,"Montréal, QC",https://ca.indeed.com/viewjob?jk=a7bcd1e65cd479f3&q=Python
Data Analyst (Remote in Canada),Interaxon,"Remote in Toronto, ON",https://ca.indeed.com/viewjob?jk=8f6e5b3a4686cf6a&q=Python
Software Test Automation Developer/Développeur de tests auto...,Actalent,"Remote in Montréal, QC",https://ca.indeed.com/viewjob?jk=bf166e2b8bc1a53b&q=Python
Software Development Engineer,PulseLearning,"Toronto, ON",https://ca.indeed.com/viewjob?jk=6a1fe807ac8fd512&q=Python
"Data Engineer - (Remote, Canada based)",Ratehub,Remote,https://ca.indeed.com/viewjob?jk=2f0725667398a40e&q=Python
Stagiaire pour le laboratoire d’analyse de données,L’Autorité des marchés financiers,"Quebec City, QC",https://ca.indeed.com/viewjob?jk=8959a42e264dab06&q=Python
Machine Learning Engineer - Rider Intelligence Team,Uber,"Toronto, ON",https://ca.indeed.com/viewjob?jk=44e46b7a4329d836&q=Python
Python Developer,Solebit,Remote in Canada,https://ca.indeed.com/viewjob?jk=6d5d4f3db71125a8&q=Python
software engineer,MistyWest,"Remote in Vancouver, BC",https://ca.indeed.com/viewjob?jk=4f122418007f6090&q=Python
Data Analytics Instructor (Part-Time),Juno College of Technology,"Remote in Toronto, ON",https://ca.indeed.com/viewjob?jk=503206c96259e532&q=Python
Spécialiste d’ingénierie de la sécurité infonuagique,Morgan Stanley,"Montréal, QC",https://ca.indeed.com/viewjob?jk=3bec0bef9b34300a&q=Python
CR Systems Operations Pipeline Guardian,Ericsson,"Remote in Ottawa, ON",https://ca.indeed.com/viewjob?jk=1005f2840c88edc4&q=Python
Cloud Engineer (Intern),Nakisa,"Montréal, QC",https://ca.indeed.com/viewjob?jk=58f696fdfbccf932&q=Python
Software quality specialist,Icentia,"Quebec City, QC",https://ca.indeed.com/viewjob?jk=36040b787b45c352&q=Python
software developer,Intelligent City Inc.,"Remote in Vancouver, BC",https://ca.indeed.com/viewjob?jk=1a9c9dfd1498ae7a&q=Python
PHP & Python Developer,Schema App,"Remote in Guelph, ON",https://ca.indeed.com/viewjob?jk=91e9e9957602d1e5&q=Python
Data Engineer (Spanish speaking),Dawn InfoTek Inc.,"Toronto, ON",https://ca.indeed.com/viewjob?jk=68a20fa7bab864ba&q=Python
Software Developer,Cool Minds,Remote,https://ca.indeed.com/viewjob?jk=65dce28ec1caf059&q=Python
BI Developer,MSi Corp (Bell Canada),"Toronto, ON+2 locations",https://ca.indeed.com/viewjob?jk=c5c60b2bd7518be8&q=Python
Firmware Developer – Summer 2022 Co-op,Gbatteries,"Ottawa, ON",https://ca.indeed.com/viewjob?jk=aee7aed7a70862f9&q=Python
Sr. Machine Learning Engineer - Matching Platform,Uber,"Toronto, ON",https://ca.indeed.com/viewjob?jk=d756f551c55e1a7e&q=Python
Développeur Python,Rodeo FX,"Montréal, QC",https://ca.indeed.com/viewjob?jk=6662a755549f6016&q=Python
Data Analyst ( Permanent full time),Wingate Group,"Toronto, ON",https://ca.indeed.com/viewjob?jk=f9b7005fe7b591d2&q=Python
Junior Python Developer,ReDefine,"Vancouver, BC+2 locations",https://ca.indeed.com/viewjob?jk=60a9c8183d90b3cf&q=Python
Firmware Engineer,TritonWear,"Remote in Toronto, ON",https://ca.indeed.com/viewjob?jk=d61213a3c0d5157c&q=Python
Machine Learning Scientist,Riiid Labs,"Toronto, ON",https://ca.indeed.com/viewjob?jk=8ac87b4a4ad8d7f0&q=Python
Senior Python Developer (AVP level),Citi,"Mississauga, ON",https://ca.indeed.com/viewjob?jk=d89630fabd1588c3&q=Python
Backend Engineer,Coffee Meets Bagel,Remote,https://ca.indeed.com/viewjob?jk=5f17b7afab02c77a&q=Python
Software developer (Node.js/Python),Transit App,"Montréal, QC",https://ca.indeed.com/viewjob?jk=72df6fa2591bf270&q=Python
Customer Success Engineer (Hybrid Remote Policy),Sendinblue,"Remote in Toronto, ON",https://ca.indeed.com/viewjob?jk=6ff0d179a784facf&q=Python
System Administrator,Coveo,"Montréal, QC",https://ca.indeed.com/viewjob?jk=b4e5277ba1ab1e7a&q=Python
Java Developer,Royal Bank of Canada,"Halifax, NS",https://ca.indeed.com/viewjob?jk=ce7057b7f5e712fb&q=Python
"Python, Unix Shell Scripting, Sybase (KC)",Staffmax,"Montréal, QC",https://ca.indeed.com/viewjob?jk=3ac83bae78207a00&q=Python
Stagiaire Développeur.se de Simulation 3D (Été 2022),Vention,"Montréal, QC",https://ca.indeed.com/viewjob?jk=34b0d388cbe9538f&q=Python
Junior Frontend Software Developer,Bruker,Remote in Canada,https://ca.indeed.com/viewjob?jk=d8c2b55c6f339951&q=Python
Python / SQL Developer,CGI,"Halifax, NS",https://ca.indeed.com/viewjob?jk=c87b802060413bfa&q=Python
Pyspark Engineer,Cognizant,"Mississauga, ON",https://ca.indeed.com/viewjob?jk=c69bec64644fa4f2&q=Python
Data Engineering Manager,Relogix,"Toronto, ON",https://ca.indeed.com/viewjob?jk=37eea27d51f4c6f2&q=Python
QA Engineer,Veeva Systems,"Remote in Toronto, ON",https://ca.indeed.com/viewjob?jk=b50de5a478d8b70b&q=Python
Windows System Administrator,CGI,"Montréal, QC",https://ca.indeed.com/viewjob?jk=a7bcd1e65cd479f3&q=Python
Data Analyst (Remote in Canada),Interaxon,"Remote in Toronto, ON",https://ca.indeed.com/viewjob?jk=8f6e5b3a4686cf6a&q=Python
Software Test Automation Developer/Développeur de tests auto...,Actalent,"Remote in Montréal, QC",https://ca.indeed.com/viewjob?jk=bf166e2b8bc1a53b&q=Python
Software Development Engineer,PulseLearning,"Toronto, ON",https://ca.indeed.com/viewjob?jk=6a1fe807ac8fd512&q=Python
"Data Engineer - (Remote, Canada based)",Ratehub,Remote,https://ca.indeed.com/viewjob?jk=2f0725667398a40e&q=Python
Stagiaire pour le laboratoire d’analyse de données,L’Autorité des marchés financiers,"Quebec City, QC",https://ca.indeed.com/viewjob?jk=8959a42e264dab06&q=Python
Python Developer,Solebit,Remote in Canada,https://ca.indeed.com/viewjob?jk=6d5d4f3db71125a8&q=Python
software engineer,MistyWest,"Remote in Vancouver, BC",https://ca.indeed.com/viewjob?jk=4f122418007f6090&q=Python
Data Analytics Instructor (Part-Time),Juno College of Technology,"Remote in Toronto, ON",https://ca.indeed.com/viewjob?jk=503206c96259e532&q=Python
Spécialiste d’ingénierie de la sécurité infonuagique,Morgan Stanley,"Montréal, QC",https://ca.indeed.com/viewjob?jk=3bec0bef9b34300a&q=Python
CR Systems Operations Pipeline Guardian,Ericsson,"Remote in Ottawa, ON",https://ca.indeed.com/viewjob?jk=1005f2840c88edc4&q=Python
Cloud Engineer (Intern),Nakisa,"Montréal, QC",https://ca.indeed.com/viewjob?jk=58f696fdfbccf932&q=Python
Software quality specialist,Icentia,"Quebec City, QC",https://ca.indeed.com/viewjob?jk=36040b787b45c352&q=Python
software developer,Intelligent City Inc.,"Remote in Vancouver, BC",https://ca.indeed.com/viewjob?jk=1a9c9dfd1498ae7a&q=Python
PHP & Python Developer,Schema App,"Remote in Guelph, ON",https://ca.indeed.com/viewjob?jk=91e9e9957602d1e5&q=Python
Data Engineer (Spanish speaking),Dawn InfoTek Inc.,"Toronto, ON",https://ca.indeed.com/viewjob?jk=68a20fa7bab864ba&q=Python
Software Developer,Cool Minds,Remote,https://ca.indeed.com/viewjob?jk=65dce28ec1caf059&q=Python
BI Developer,MSi Corp (Bell Canada),"Toronto, ON+2 locations",https://ca.indeed.com/viewjob?jk=c5c60b2bd7518be8&q=Python
Firmware Developer – Summer 2022 Co-op,Gbatteries,"Ottawa, ON",https://ca.indeed.com/viewjob?jk=aee7aed7a70862f9&q=Python
"HIRING : Python Automation testing , Toronto , Canada ( Long...",Avanciers,"Toronto, ON",https://ca.indeed.com/viewjob?jk=b229e66bfcc65a42&q=Python
Développeur Python,Rodeo FX,"Montréal, QC",https://ca.indeed.com/viewjob?jk=6662a755549f6016&q=Python
Data Analyst ( Permanent full time),Wingate Group,"Toronto, ON",https://ca.indeed.com/viewjob?jk=f9b7005fe7b591d2&q=Python
Junior Python Developer,ReDefine,"Vancouver, BC+2 locations",https://ca.indeed.com/viewjob?jk=60a9c8183d90b3cf&q=Python
Firmware Engineer,TritonWear,"Remote in Toronto, ON",https://ca.indeed.com/viewjob?jk=d61213a3c0d5157c&q=Python
Machine Learning Scientist,Riiid Labs,"Toronto, ON",https://ca.indeed.com/viewjob?jk=8ac87b4a4ad8d7f0&q=Python
Senior Python Developer (AVP level),Citi,"Mississauga, ON",https://ca.indeed.com/viewjob?jk=d89630fabd1588c3&q=Python
Backend Engineer,Coffee Meets Bagel,Remote,https://ca.indeed.com/viewjob?jk=5f17b7afab02c77a&q=Python
Software developer (Node.js/Python),Transit App,"Montréal, QC",https://ca.indeed.com/viewjob?jk=72df6fa2591bf270&q=Python
System Administrator,Coveo,"Montréal, QC",https://ca.indeed.com/viewjob?jk=b4e5277ba1ab1e7a&q=Python
Java Developer,Royal Bank of Canada,"Halifax, NS",https://ca.indeed.com/viewjob?jk=ce7057b7f5e712fb&q=Python
Data Product Manager,Slate Technologies,"Toronto, ON",https://ca.indeed.com/viewjob?jk=4249d01fd578c917&q=Python
Student and Co-op - Science and Technology,Canadian Security Intelligence Service,"Ottawa, ON",https://ca.indeed.com/viewjob?jk=3b97c10f36b594d9&q=Python
Python Backend Developer,Carré Technologies (Hexoskin),"Montréal, QC",https://ca.indeed.com/viewjob?jk=879938e1317c949d&q=Python
DevOps - Automation (Remote - in Canada),Denken Solutions Canada Inc,Remote,https://ca.indeed.com/viewjob?jk=09216cf1fdd0693f&q=Python
Photonics Engineer (in office or remote),Simu Tech Group,"Remote in Toronto, ON",https://ca.indeed.com/viewjob?jk=55410eb6721d63ef&q=Python
Strong C++ developer with Linux and Python,MThree | Wiley,"Temporarily Remote in Montréal, QC",https://ca.indeed.com/viewjob?jk=910314ef04e701b9&q=Python
Intern Software Developer - Summer 2022,Société Générale,"Montréal, QC",https://ca.indeed.com/viewjob?jk=2f9d496585076dc3&q=Python
Full Stack Python Developer,CTConsultants,"Montréal, QC",https://ca.indeed.com/viewjob?jk=0cc45d95fbb1790b&q=Python
Python Developer,SIGMA Assessment Systems,"Remote in Vancouver, BC+2 locations",https://ca.indeed.com/viewjob?jk=f5c76adf37468be9&q=Python
Scientifique des données,La Presse et ses filiales,"Montréal, QC",https://ca.indeed.com/viewjob?jk=476cccc0149faec0&q=Python
Analyste QA - QA Analyst,Datavalet,"Montréal, QC",https://ca.indeed.com/viewjob?jk=76108539f0ffc3cc&q=Python
Junior Python Developer,DNEG,"Vancouver, BC+2 locations",https://ca.indeed.com/viewjob?jk=c010f92e79e335a6&q=Python
Firmware Development Engineering Intern,Infinera,"Ottawa, ON",https://ca.indeed.com/viewjob?jk=10e4b426bbee71f5&q=Python
3D Simulation Developer Intern (Summer 2022),Vention,"Montréal, QC",https://ca.indeed.com/viewjob?jk=14bf92c99764cc43&q=Python
Web developer,Technip Solutions Inc.,"Mississauga, ON",https://ca.indeed.com/viewjob?jk=3838103aab53fbde&q=Python
Sr. Risk Analyst,Dapper Labs,Remote,https://ca.indeed.com/viewjob?jk=5da9259a66689755&q=Python
Python/Cloud Servers Developer,Paradox Security Systems,"Temporarily Remote in Saint-Eustache, QC",https://ca.indeed.com/viewjob?jk=460b61b2ceca0559&q=Python
DEVOPS ENGINEER,Scrawlr Development Inc.,"Vancouver, BC",https://ca.indeed.com/viewjob?jk=92bc1e73f908bc81&q=Python
Business Analyst,Covers,"Remote in Halifax, NS",https://ca.indeed.com/viewjob?jk=b7c14412c0c98c28&q=Python
"Engineering Manager, Backend (Compute)",Affirm,"Remote in Toronto, ON",https://ca.indeed.com/viewjob?jk=b05ae40ddbd5a56c&q=Python
Quality Assurance Analyst (Remote),Cayenta,Remote in British Columbia,https://ca.indeed.com/viewjob?jk=42f58fbd94c985a1&q=Python
Stagiaire Développeur.se de Simulation 3D (Été 2022),Vention,"Montréal, QC",https://ca.indeed.com/viewjob?jk=34b0d388cbe9538f&q=Python
Junior Frontend Software Developer,Bruker,Remote in Canada,https://ca.indeed.com/viewjob?jk=d8c2b55c6f339951&q=Python
Python / SQL Developer,CGI,"Halifax, NS",https://ca.indeed.com/viewjob?jk=c87b802060413bfa&q=Python
Java Lead (Remote),iPartner Staffing,"Remote in Toronto, ON",https://ca.indeed.com/viewjob?jk=40ca24de27df5d0c&q=Python
Pyspark Engineer,Cognizant,"Mississauga, ON",https://ca.indeed.com/viewjob?jk=c69bec64644fa4f2&q=Python
Data Engineering Manager,Relogix,"Toronto, ON",https://ca.indeed.com/viewjob?jk=37eea27d51f4c6f2&q=Python
QA Engineer,Veeva Systems,"Remote in Toronto, ON",https://ca.indeed.com/viewjob?jk=b50de5a478d8b70b&q=Python
Windows System Administrator,CGI,"Montréal, QC",https://ca.indeed.com/viewjob?jk=a7bcd1e65cd479f3&q=Python
Data Analyst (Remote in Canada),Interaxon,"Remote in Toronto, ON",https://ca.indeed.com/viewjob?jk=8f6e5b3a4686cf6a&q=Python
Software Test Automation Developer/Développeur de tests auto...,Actalent,"Remote in Montréal, QC",https://ca.indeed.com/viewjob?jk=bf166e2b8bc1a53b&q=Python
Software Development Engineer,PulseLearning,"Toronto, ON",https://ca.indeed.com/viewjob?jk=6a1fe807ac8fd512&q=Python
"Data Engineer - (Remote, Canada based)",Ratehub,Remote,https://ca.indeed.com/viewjob?jk=2f0725667398a40e&q=Python
Stagiaire pour le laboratoire d’analyse de données,L’Autorité des marchés financiers,"Quebec City, QC",https://ca.indeed.com/viewjob?jk=8959a42e264dab06&q=Python
Python Developer,Solebit,Remote in Canada,https://ca.indeed.com/viewjob?jk=6d5d4f3db71125a8&q=Python
software engineer,MistyWest,"Remote in Vancouver, BC",https://ca.indeed.com/viewjob?jk=4f122418007f6090&q=Python
Data Analytics Instructor (Part-Time),Juno College of Technology,"Remote in Toronto, ON",https://ca.indeed.com/viewjob?jk=503206c96259e532&q=Python
Spécialiste d’ingénierie de la sécurité infonuagique,Morgan Stanley,"Montréal, QC",https://ca.indeed.com/viewjob?jk=3bec0bef9b34300a&q=Python
CR Systems Operations Pipeline Guardian,Ericsson,"Remote in Ottawa, ON",https://ca.indeed.com/viewjob?jk=1005f2840c88edc4&q=Python
Cloud Engineer (Intern),Nakisa,"Montréal, QC",https://ca.indeed.com/viewjob?jk=58f696fdfbccf932&q=Python
Software quality specialist,Icentia,"Quebec City, QC",https://ca.indeed.com/viewjob?jk=36040b787b45c352&q=Python
software developer,Intelligent City Inc.,"Remote in Vancouver, BC",https://ca.indeed.com/viewjob?jk=1a9c9dfd1498ae7a&q=Python
PHP & Python Developer,Schema App,"Remote in Guelph, ON",https://ca.indeed.com/viewjob?jk=91e9e9957602d1e5&q=Python
Data Scientist,Samsung Electronics,"Hybrid remote in Vancouver, BC",https://ca.indeed.com/viewjob?jk=f67efe38c2c6026f&q=Python
Data Engineer (Spanish speaking),Dawn InfoTek Inc.,"Toronto, ON",https://ca.indeed.com/viewjob?jk=68a20fa7bab864ba&q=Python
Software Developer,Cool Minds,Remote,https://ca.indeed.com/viewjob?jk=65dce28ec1caf059&q=Python
BI Developer,MSi Corp (Bell Canada),"Toronto, ON+2 locations",https://ca.indeed.com/viewjob?jk=c5c60b2bd7518be8&q=Python
Firmware Developer – Summer 2022 Co-op,Gbatteries,"Ottawa, ON",https://ca.indeed.com/viewjob?jk=aee7aed7a70862f9&q=Python
Développeur Python,Rodeo FX,"Montréal, QC",https://ca.indeed.com/viewjob?jk=6662a755549f6016&q=Python
Data Analyst ( Permanent full time),Wingate Group,"Toronto, ON",https://ca.indeed.com/viewjob?jk=f9b7005fe7b591d2&q=Python
Junior Python Developer,ReDefine,"Vancouver, BC+2 locations",https://ca.indeed.com/viewjob?jk=60a9c8183d90b3cf&q=Python
Firmware Engineer,TritonWear,"Remote in Toronto, ON",https://ca.indeed.com/viewjob?jk=d61213a3c0d5157c&q=Python
Machine Learning Scientist,Riiid Labs,"Toronto, ON",https://ca.indeed.com/viewjob?jk=8ac87b4a4ad8d7f0&q=Python
Senior Python Developer (AVP level),Citi,"Mississauga, ON",https://ca.indeed.com/viewjob?jk=d89630fabd1588c3&q=Python
Backend Engineer,Coffee Meets Bagel,Remote,https://ca.indeed.com/viewjob?jk=5f17b7afab02c77a&q=Python
Software developer (Node.js/Python),Transit App,"Montréal, QC",https://ca.indeed.com/viewjob?jk=72df6fa2591bf270&q=Python
System Administrator,Coveo,"Montréal, QC",https://ca.indeed.com/viewjob?jk=b4e5277ba1ab1e7a&q=Python
Java Developer,Royal Bank of Canada,"Halifax, NS",https://ca.indeed.com/viewjob?jk=ce7057b7f5e712fb&q=Python
Data Product Manager,Slate Technologies,"Toronto, ON",https://ca.indeed.com/viewjob?jk=4249d01fd578c917&q=Python
Student and Co-op - Science and Technology,Canadian Security Intelligence Service,"Ottawa, ON",https://ca.indeed.com/viewjob?jk=3b97c10f36b594d9&q=Python
Python Backend Developer,Carré Technologies (Hexoskin),"Montréal, QC",https://ca.indeed.com/viewjob?jk=879938e1317c949d&q=Python
DevOps - Automation (Remote - in Canada),Denken Solutions Canada Inc,Remote,https://ca.indeed.com/viewjob?jk=09216cf1fdd0693f&q=Python
Photonics Engineer (in office or remote),Simu Tech Group,"Remote in Toronto, ON",https://ca.indeed.com/viewjob?jk=55410eb6721d63ef&q=Python
Strong C++ developer with Linux and Python,MThree | Wiley,"Temporarily Remote in Montréal, QC",https://ca.indeed.com/viewjob?jk=910314ef04e701b9&q=Python
Pipeline developer,Prevu3d,"Montréal, QC",https://ca.indeed.com/viewjob?jk=c963e4555e45500d&q=Python
Full Stack Developer (Remote),Pathcore,Remote in Canada,https://ca.indeed.com/viewjob?jk=900bded802babfac&q=Python
Web developer,Technip Solutions Inc.,"Mississauga, ON",https://ca.indeed.com/viewjob?jk=3838103aab53fbde&q=Python
Sr. Risk Analyst,Dapper Labs,Remote,https://ca.indeed.com/viewjob?jk=5da9259a66689755&q=Python
Python/Cloud Servers Developer,Paradox Security Systems,"Temporarily Remote in Saint-Eustache, QC",https://ca.indeed.com/viewjob?jk=460b61b2ceca0559&q=Python
DEVOPS ENGINEER,Scrawlr Development Inc.,"Vancouver, BC",https://ca.indeed.com/viewjob?jk=92bc1e73f908bc81&q=Python
Business Analyst,Covers,"Remote in Halifax, NS",https://ca.indeed.com/viewjob?jk=b7c14412c0c98c28&q=Python
"Engineering Manager, Backend (Compute)",Affirm,"Remote in Toronto, ON",https://ca.indeed.com/viewjob?jk=b05ae40ddbd5a56c&q=Python
Quality Assurance Analyst (Remote),Cayenta,Remote in British Columbia,https://ca.indeed.com/viewjob?jk=42f58fbd94c985a1&q=Python
Stagiaire Développeur.se de Simulation 3D (Été 2022),Vention,"Montréal, QC",https://ca.indeed.com/viewjob?jk=34b0d388cbe9538f&q=Python
Junior Frontend Software Developer,Bruker,Remote in Canada,https://ca.indeed.com/viewjob?jk=d8c2b55c6f339951&q=Python
Python / SQL Developer,CGI,"Halifax, NS",https://ca.indeed.com/viewjob?jk=c87b802060413bfa&q=Python
Pyspark Engineer,Cognizant,"Mississauga, ON",https://ca.indeed.com/viewjob?jk=c69bec64644fa4f2&q=Python
Data Engineering Manager,Relogix,"Toronto, ON",https://ca.indeed.com/viewjob?jk=37eea27d51f4c6f2&q=Python
QA Engineer,Veeva Systems,"Remote in Toronto, ON",https://ca.indeed.com/viewjob?jk=b50de5a478d8b70b&q=Python
Windows System Administrator,CGI,"Montréal, QC",https://ca.indeed.com/viewjob?jk=a7bcd1e65cd479f3&q=Python
Data Analyst (Remote in Canada),Interaxon,"Remote in Toronto, ON",https://ca.indeed.com/viewjob?jk=8f6e5b3a4686cf6a&q=Python
Software Test Automation Developer/Développeur de tests auto...,Actalent,"Remote in Montréal, QC",https://ca.indeed.com/viewjob?jk=bf166e2b8bc1a53b&q=Python
Software Development Engineer,PulseLearning,"Toronto, ON",https://ca.indeed.com/viewjob?jk=6a1fe807ac8fd512&q=Python
"Data Engineer - (Remote, Canada based)",Ratehub,Remote,https://ca.indeed.com/viewjob?jk=2f0725667398a40e&q=Python
Stagiaire pour le laboratoire d’analyse de données,L’Autorité des marchés financiers,"Quebec City, QC",https://ca.indeed.com/viewjob?jk=8959a42e264dab06&q=Python
Python Developer,Solebit,Remote in Canada,https://ca.indeed.com/viewjob?jk=6d5d4f3db71125a8&q=Python
software engineer,MistyWest,"Remote in Vancouver, BC",https://ca.indeed.com/viewjob?jk=4f122418007f6090&q=Python
Data Analytics Instructor (Part-Time),Juno College of Technology,"Remote in Toronto, ON",https://ca.indeed.com/viewjob?jk=503206c96259e532&q=Python
Spécialiste d’ingénierie de la sécurité infonuagique,Morgan Stanley,"Montréal, QC",https://ca.indeed.com/viewjob?jk=3bec0bef9b34300a&q=Python
CR Systems Operations Pipeline Guardian,Ericsson,"Remote in Ottawa, ON",https://ca.indeed.com/viewjob?jk=1005f2840c88edc4&q=Python
Cloud Engineer (Intern),Nakisa,"Montréal, QC",https://ca.indeed.com/viewjob?jk=58f696fdfbccf932&q=Python
Software quality specialist,Icentia,"Quebec City, QC",https://ca.indeed.com/viewjob?jk=36040b787b45c352&q=Python
software developer,Intelligent City Inc.,"Remote in Vancouver, BC",https://ca.indeed.com/viewjob?jk=1a9c9dfd1498ae7a&q=Python
PHP & Python Developer,Schema App,"Remote in Guelph, ON",https://ca.indeed.com/viewjob?jk=91e9e9957602d1e5&q=Python
Business Intelligence Consultant - Developer,Co-operators,"Mississauga, ON",https://ca.indeed.com/viewjob?jk=1822a086717f5797&q=Python
Data Engineer (Spanish speaking),Dawn InfoTek Inc.,"Toronto, ON",https://ca.indeed.com/viewjob?jk=68a20fa7bab864ba&q=Python
Software Developer,Cool Minds,Remote,https://ca.indeed.com/viewjob?jk=65dce28ec1caf059&q=Python
BI Developer,MSi Corp (Bell Canada),"Toronto, ON+2 locations",https://ca.indeed.com/viewjob?jk=c5c60b2bd7518be8&q=Python
Firmware Developer – Summer 2022 Co-op,Gbatteries,"Ottawa, ON",https://ca.indeed.com/viewjob?jk=aee7aed7a70862f9&q=Python
Développeur Python,Rodeo FX,"Montréal, QC",https://ca.indeed.com/viewjob?jk=6662a755549f6016&q=Python
Data Analyst ( Permanent full time),Wingate Group,"Toronto, ON",https://ca.indeed.com/viewjob?jk=f9b7005fe7b591d2&q=Python
Junior Python Developer,ReDefine,"Vancouver, BC+2 locations",https://ca.indeed.com/viewjob?jk=60a9c8183d90b3cf&q=Python
Firmware Engineer,TritonWear,"Remote in Toronto, ON",https://ca.indeed.com/viewjob?jk=d61213a3c0d5157c&q=Python
Machine Learning Scientist,Riiid Labs,"Toronto, ON",https://ca.indeed.com/viewjob?jk=8ac87b4a4ad8d7f0&q=Python
Senior Python Developer (AVP level),Citi,"Mississauga, ON",https://ca.indeed.com/viewjob?jk=d89630fabd1588c3&q=Python
Backend Engineer,Coffee Meets Bagel,Remote,https://ca.indeed.com/viewjob?jk=5f17b7afab02c77a&q=Python
Software developer (Node.js/Python),Transit App,"Montréal, QC",https://ca.indeed.com/viewjob?jk=72df6fa2591bf270&q=Python
System Administrator,Coveo,"Montréal, QC",https://ca.indeed.com/viewjob?jk=b4e5277ba1ab1e7a&q=Python
Java Developer,Royal Bank of Canada,"Halifax, NS",https://ca.indeed.com/viewjob?jk=ce7057b7f5e712fb&q=Python
Data Product Manager,Slate Technologies,"Toronto, ON",https://ca.indeed.com/viewjob?jk=4249d01fd578c917&q=Python
Student and Co-op - Science and Technology,Canadian Security Intelligence Service,"Ottawa, ON",https://ca.indeed.com/viewjob?jk=3b97c10f36b594d9&q=Python
Python Backend Developer,Carré Technologies (Hexoskin),"Montréal, QC",https://ca.indeed.com/viewjob?jk=879938e1317c949d&q=Python
DevOps - Automation (Remote - in Canada),Denken Solutions Canada Inc,Remote,https://ca.indeed.com/viewjob?jk=09216cf1fdd0693f&q=Python
Photonics Engineer (in office or remote),Simu Tech Group,"Remote in Toronto, ON",https://ca.indeed.com/viewjob?jk=55410eb6721d63ef&q=Python
Web developer,Technip Solutions Inc.,"Mississauga, ON",https://ca.indeed.com/viewjob?jk=3838103aab53fbde&q=Python
Sr. Risk Analyst,Dapper Labs,Remote,https://ca.indeed.com/viewjob?jk=5da9259a66689755&q=Python
Python/Cloud Servers Developer,Paradox Security Systems,"Temporarily Remote in Saint-Eustache, QC",https://ca.indeed.com/viewjob?jk=460b61b2ceca0559&q=Python
DEVOPS ENGINEER,Scrawlr Development Inc.,"Vancouver, BC",https://ca.indeed.com/viewjob?jk=92bc1e73f908bc81&q=Python
Business Analyst,Covers,"Remote in Halifax, NS",https://ca.indeed.com/viewjob?jk=b7c14412c0c98c28&q=Python
"Engineering Manager, Backend (Compute)",Affirm,"Remote in Toronto, ON",https://ca.indeed.com/viewjob?jk=b05ae40ddbd5a56c&q=Python
Quality Assurance Analyst (Remote),Cayenta,Remote in British Columbia,https://ca.indeed.com/viewjob?jk=42f58fbd94c985a1&q=Python
Stagiaire Développeur.se de Simulation 3D (Été 2022),Vention,"Montréal, QC",https://ca.indeed.com/viewjob?jk=34b0d388cbe9538f&q=Python
Junior Frontend Software Developer,Bruker,Remote in Canada,https://ca.indeed.com/viewjob?jk=d8c2b55c6f339951&q=Python
Python / SQL Developer,CGI,"Halifax, NS",https://ca.indeed.com/viewjob?jk=c87b802060413bfa&q=Python
Pyspark Engineer,Cognizant,"Mississauga, ON",https://ca.indeed.com/viewjob?jk=c69bec64644fa4f2&q=Python
Data Engineering Manager,Relogix,"Toronto, ON",https://ca.indeed.com/viewjob?jk=37eea27d51f4c6f2&q=Python
QA Engineer,Veeva Systems,"Remote in Toronto, ON",https://ca.indeed.com/viewjob?jk=b50de5a478d8b70b&q=Python
Windows System Administrator,CGI,"Montréal, QC",https://ca.indeed.com/viewjob?jk=a7bcd1e65cd479f3&q=Python
Data Analyst (Remote in Canada),Interaxon,"Remote in Toronto, ON",https://ca.indeed.com/viewjob?jk=8f6e5b3a4686cf6a&q=Python
Software Test Automation Developer/Développeur de tests auto...,Actalent,"Remote in Montréal, QC",https://ca.indeed.com/viewjob?jk=bf166e2b8bc1a53b&q=Python
Software Development Engineer,PulseLearning,"Toronto, ON",https://ca.indeed.com/viewjob?jk=6a1fe807ac8fd512&q=Python
"Data Engineer - (Remote, Canada based)",Ratehub,Remote,https://ca.indeed.com/viewjob?jk=2f0725667398a40e&q=Python
Stagiaire pour le laboratoire d’analyse de données,L’Autorité des marchés financiers,"Quebec City, QC",https://ca.indeed.com/viewjob?jk=8959a42e264dab06&q=Python
Python Developer,Solebit,Remote in Canada,https://ca.indeed.com/viewjob?jk=6d5d4f3db71125a8&q=Python
software engineer,MistyWest,"Remote in Vancouver, BC",https://ca.indeed.com/viewjob?jk=4f122418007f6090&q=Python
Data Analytics Instructor (Part-Time),Juno College of Technology,"Remote in Toronto, ON",https://ca.indeed.com/viewjob?jk=503206c96259e532&q=Python
Spécialiste d’ingénierie de la sécurité infonuagique,Morgan Stanley,"Montréal, QC",https://ca.indeed.com/viewjob?jk=3bec0bef9b34300a&q=Python
CR Systems Operations Pipeline Guardian,Ericsson,"Remote in Ottawa, ON",https://ca.indeed.com/viewjob?jk=1005f2840c88edc4&q=Python
Cloud Engineer (Intern),Nakisa,"Montréal, QC",https://ca.indeed.com/viewjob?jk=58f696fdfbccf932&q=Python
Software quality specialist,Icentia,"Quebec City, QC",https://ca.indeed.com/viewjob?jk=36040b787b45c352&q=Python
software developer,Intelligent City Inc.,"Remote in Vancouver, BC",https://ca.indeed.com/viewjob?jk=1a9c9dfd1498ae7a&q=Python
PHP & Python Developer,Schema App,"Remote in Guelph, ON",https://ca.indeed.com/viewjob?jk=91e9e9957602d1e5&q=Python
Data Engineer (Spanish speaking),Dawn InfoTek Inc.,"Toronto, ON",https://ca.indeed.com/viewjob?jk=68a20fa7bab864ba&q=Python
Software Developer,Cool Minds,Remote,https://ca.indeed.com/viewjob?jk=65dce28ec1caf059&q=Python
BI Developer,MSi Corp (Bell Canada),"Toronto, ON+2 locations",https://ca.indeed.com/viewjob?jk=c5c60b2bd7518be8&q=Python
Firmware Developer – Summer 2022 Co-op,Gbatteries,"Ottawa, ON",https://ca.indeed.com/viewjob?jk=aee7aed7a70862f9&q=Python
Remote DevOps Engineer / Ingénieur(e) DevOps,Altitude Sports,"Remote in Quebec City, QC",https://ca.indeed.com/viewjob?jk=27345f37e369864f&q=Python
Développeur Python,Rodeo FX,"Montréal, QC",https://ca.indeed.com/viewjob?jk=6662a755549f6016&q=Python
Data Analyst ( Permanent full time),Wingate Group,"Toronto, ON",https://ca.indeed.com/viewjob?jk=f9b7005fe7b591d2&q=Python
Junior Python Developer,ReDefine,"Vancouver, BC+2 locations",https://ca.indeed.com/viewjob?jk=60a9c8183d90b3cf&q=Python
Firmware Engineer,TritonWear,"Remote in Toronto, ON",https://ca.indeed.com/viewjob?jk=d61213a3c0d5157c&q=Python
Machine Learning Scientist,Riiid Labs,"Toronto, ON",https://ca.indeed.com/viewjob?jk=8ac87b4a4ad8d7f0&q=Python
Senior Python Developer (AVP level),Citi,"Mississauga, ON",https://ca.indeed.com/viewjob?jk=d89630fabd1588c3&q=Python
Backend Engineer,Coffee Meets Bagel,Remote,https://ca.indeed.com/viewjob?jk=5f17b7afab02c77a&q=Python
Software developer (Node.js/Python),Transit App,"Montréal, QC",https://ca.indeed.com/viewjob?jk=72df6fa2591bf270&q=Python
System Administrator,Coveo,"Montréal, QC",https://ca.indeed.com/viewjob?jk=b4e5277ba1ab1e7a&q=Python
Java Developer,Royal Bank of Canada,"Halifax, NS",https://ca.indeed.com/viewjob?jk=ce7057b7f5e712fb&q=Python
Data Product Manager,Slate Technologies,"Toronto, ON",https://ca.indeed.com/viewjob?jk=4249d01fd578c917&q=Python
Student and Co-op - Science and Technology,Canadian Security Intelligence Service,"Ottawa, ON",https://ca.indeed.com/viewjob?jk=3b97c10f36b594d9&q=Python
Python Backend Developer,Carré Technologies (Hexoskin),"Montréal, QC",https://ca.indeed.com/viewjob?jk=879938e1317c949d&q=Python
DevOps - Automation (Remote - in Canada),Denken Solutions Canada Inc,Remote,https://ca.indeed.com/viewjob?jk=09216cf1fdd0693f&q=Python
Photonics Engineer (in office or remote),Simu Tech Group,"Remote in Toronto, ON",https://ca.indeed.com/viewjob?jk=55410eb6721d63ef&q=Python
Strong C++ developer with Linux and Python,MThree | Wiley,"Temporarily Remote in Montréal, QC",https://ca.indeed.com/viewjob?jk=910314ef04e701b9&q=Python
Intern Software Developer - Summer 2022,Société Générale,"Montréal, QC",https://ca.indeed.com/viewjob?jk=2f9d496585076dc3&q=Python
